SYMBOL,COMPANY NAME,SUBJECT,DETAILS,BROADCAST DATE/TIME,RECEIPT,DISSEMINATION,DIFFERENCE,ATTACHMENT
VSTTILLERS,V.S.T Tillers Tractors Limited,General Updates,V.S.T Tillers Tractors Limited has informed the Exchange about sad Demise of Promoter,30-Jan-2026 16:13:00,2026-01-30 16:13:00,30-Jan-2026 16:13:01,00:00:01,https://nsearchives.nseindia.com/corporate/VSTTILLERS_30012026161214_SE.pdf
NORTHARC,Northern Arc Capital Limited,Outcome of Board Meeting,"Northern Arc Capital Limited has submitted to the Exchange, the financial results for the period ended December 31, 2025.",30-Jan-2026 16:11:29,2026-01-30 16:11:29,30-Jan-2026 16:11:30,00:00:01,https://nsearchives.nseindia.com/corporate/NACL2020_30012026160956_NAC_Q3_2025.pdf
NATIONALUM,National Aluminium Company Limited,Analysts/Institutional Investor Meet/Con. Call Updates,National Aluminium Company Limited has informed the Exchange about Presentation,30-Jan-2026 16:11:18,2026-01-30 16:11:18,30-Jan-2026 16:11:19,00:00:01,https://nsearchives.nseindia.com/corporate/bharatsahu_30012026161105_SELetter_presentation.pdf
AADHARHFC,Aadhar Housing Finance Limited,Monitoring Agency Report,"Monitoring Agency report for the quarter ended December 31, 2025",30-Jan-2026 16:11:07,2026-01-30 16:11:07,30-Jan-2026 16:11:08,00:00:01,https://nsearchives.nseindia.com/corporate/AHFL2021_30012026161048_FinalSEIntimation_SD.pdf
OPTIEMUS,Optiemus Infracom Limited,Updates,Optiemus Infracom Limited has informed the Exchange regarding 'Report on Transfer Requests of Physical Shares re-lodged under the special window'.,30-Jan-2026 16:10:39,2026-01-30 16:10:39,30-Jan-2026 16:10:40,00:00:01,https://nsearchives.nseindia.com/corporate/OPTIEMUS_30012026161007_OILReportOnTransferRequestOfPhysicalSharesUnderSpecialWindow30012026.pdf
LXCHEM,Laxmi Organic Industries Limited,Analysts/Institutional Investor Meet/Con. Call Updates,Laxmi Organic Industries Limited has informed the Exchange about Link of Recording,30-Jan-2026 16:09:54,2026-01-30 16:09:54,30-Jan-2026 16:09:54,00:00:00,https://nsearchives.nseindia.com/corporate/LXCHEM_30012026160937_IntimationofAnalystMeetingRecordingFinal.pdf
ZFCVINDIA,ZF Commercial Vehicle Control Systems India Limited,Retirement,ZF Commercial Vehicle Control Systems India Limited has informed the Exchange about Retirement of SMP,30-Jan-2026 16:09:52,2026-01-30 16:09:52,30-Jan-2026 16:09:53,00:00:01,https://nsearchives.nseindia.com/corporate/WABCOINDIA_30012026160936_Sd_SEIntimationMSRK.pdf
VMART,V-Mart Retail Limited,Analysts/Institutional Investor Meet/Con. Call Updates,V-Mart Retail Limited has informed the Exchange about Transcript,30-Jan-2026 16:09:43,2026-01-30 16:09:43,30-Jan-2026 16:09:44,00:00:01,https://nsearchives.nseindia.com/corporate/VMART_30012026160932_Transcript_Q3FY26.pdf
ADANIGREEN,Adani Green Energy Limited,General Updates,Adani Green Energy Limited has informed the Exchange about General Updates,30-Jan-2026 16:09:42,2026-01-30 16:09:42,30-Jan-2026 16:09:43,00:00:01,https://nsearchives.nseindia.com/corporate/ADANIGREEN_30012026160923_Letter.pdf
QUESS,Quess Corp Limited,Copy of Newspaper Publication,"Quess Corp Limited has informed the Exchange about Copy of Newspaper Publication titled ""Record Date for Interim Dividend & Communication for Tax Deduction at Source""",30-Jan-2026 16:08:53,2026-01-30 16:08:53,30-Jan-2026 16:08:54,00:00:01,https://nsearchives.nseindia.com/corporate/Quesscorp_30012026160842_SE_Intimation_Newspaper_Publication.pdf
MIRCELECTR,MIRC Electronics Limited,Appointment,"MIRC Electronics Limited has informed the Exchange regarding Appointment of Mr Gunjan Srivastava as Chief Executive Officer of the company w.e.f. February 01, 2026.",30-Jan-2026 16:08:37,2026-01-30 16:08:37,30-Jan-2026 16:08:38,00:00:01,https://nsearchives.nseindia.com/corporate/MIRCELECTR_30012026160824_MIRC.pdf
INTELLECT,Intellect Design Arena Limited,Investor Presentation,Intellect Design Arena Limited has informed the Exchange about Investor Presentation,30-Jan-2026 16:08:32,2026-01-30 16:08:32,30-Jan-2026 16:08:33,00:00:01,https://nsearchives.nseindia.com/corporate/INTELLECT_30012026160752_InvestorPresentationQ3FY26DSC.pdf
WALCHANNAG,Walchandnagar Industries Limited,Appointment,"Walchandnagar Industries Limited has informed the Exchange regarding Appointment of Mr Chirag C Doshi as Managing Director & CEO of the company w.e.f. April 01, 2026.",30-Jan-2026 16:07:48,2026-01-30 16:07:48,30-Jan-2026 16:07:49,00:00:01,https://nsearchives.nseindia.com/corporate/WALCHANNAG_30012026160737_WIL_-_Reg_30_Appointment_of_CCD.pdf
FEDFINA,Fedbank Financial Services Limited,Analysts/Institutional Investor Meet/Con. Call Updates,Fedbank Financial Services Limited has informed the Exchange about Schedule of meet,30-Jan-2026 16:07:40,2026-01-30 16:07:40,30-Jan-2026 16:07:42,00:00:02,https://nsearchives.nseindia.com/corporate/FEDFINA_30012026160722_IntimationAnalystsmeets30012026signed.pdf
SUMMITSEC,Summit Securities Limited,Copy of Newspaper Publication,"Summit Securities Limited has informed the Exchange about Copy of Newspaper Publication regarding Unaudited Financial Results for the quarter and nine months ended December 31, 2025.",30-Jan-2026 16:06:50,2026-01-30 16:06:50,30-Jan-2026 16:06:51,00:00:01,https://nsearchives.nseindia.com/corporate/SUMMITSEC_30012026160616_UFRNewspaperPublication.pdf
BANARBEADS,Banaras Beads Limited,Copy of Newspaper Publication,Banaras Beads Limited has informed the Exchange about Copy of Newspaper Publication,30-Jan-2026 16:06:22,2026-01-30 16:06:22,30-Jan-2026 16:06:24,00:00:02,https://nsearchives.nseindia.com/corporate/BANARBEADS_30012026160613_Publishn.pdf
ORIENTBELL,Orient Bell Limited,Analysts/Institutional Investor Meet/Con. Call Updates,"Pursuant to Regulation 30 read with Para A of Part A of Schedule III of the SEBI (ListingObligations & Disclosure Requirements) Regulations, 2015, please find enclosed transcriptof Earnings Call held on 27th January, 2026 post announcement of unaudited financial resultsof the Company for the quarter and nine months ended December 31, 2025.",30-Jan-2026 16:05:26,2026-01-30 16:05:26,30-Jan-2026 16:05:26,00:00:00,https://nsearchives.nseindia.com/corporate/ORIENTBELL_30012026160158_transcriptf.pdf
SEAMECLTD,Seamec Limited,Outcome of Board Meeting,"Seamec Limited has submitted to the Exchange, the financial results for the period ended December 31, 2025.",30-Jan-2026 16:04:19,2026-01-30 16:04:19,30-Jan-2026 16:04:20,00:00:01,https://nsearchives.nseindia.com/corporate/SEAMECLTD_30012026160332_OutcomeofBoardMeetingBSENSE30012026.pdf
COLPAL,Colgate Palmolive (India) Limited,General Updates,Colgate Palmolive (India) Limited has informed the Exchange about General Updates,30-Jan-2026 16:04:13,2026-01-30 16:04:13,30-Jan-2026 16:04:14,00:00:01,https://nsearchives.nseindia.com/corporate/COLPALS_30012026160404_Copy_of_SE_INtimation_Newsletter_signed.pdf
INTELLECT,Intellect Design Arena Limited,Press Release,"Intellect Design Arena Limited has informed the Exchange regarding a press release dated January 30, 2026, titled ""Intellect s Last Twelve Months Revenue Crosses INR 3000 Crs in Q3 FY26"".",30-Jan-2026 16:03:46,2026-01-30 16:03:46,30-Jan-2026 16:03:47,00:00:01,https://nsearchives.nseindia.com/corporate/INTELLECT_30012026160300_PressReleaseonFinancialResultsQ3FY26DSC.pdf
ALOKINDS,Alok Industries Limited,Resignation,"Alok Industries Limited has informed the Exchange regarding Resignation of  Shri Harsh Bapna as Chief Executive Officer of the company w.e.f. January 31, 2026.",30-Jan-2026 16:02:32,2026-01-30 16:02:32,30-Jan-2026 16:02:33,00:00:01,https://nsearchives.nseindia.com/corporate/ALOKIND_30012026155900_Reg30_Intimation_CEO_Resignation.pdf
QUESS,Quess Corp Limited,Copy of Newspaper Publication,"Quess Corp Limited has informed the Exchange about Copy of Newspaper Publication on Unaudited Financial Results for the quarter and nine months ended December 31,2025.",30-Jan-2026 16:01:11,2026-01-30 16:01:11,30-Jan-2026 16:01:12,00:00:01,https://nsearchives.nseindia.com/corporate/Quesscorp_30012026160059_SEIntimation_NewspaperPublication_signed.pdf
PRAENG,Prajay Engineers Syndicate Limited,"Certificate under SEBI (Depositories and Participants) Regulations, 2018","Prajay Engineers Syndicate Limited has informed the Exchange about Certificate under SEBI (Depositories and Participants) Regulations, 2018Sub: Certificate under Regulation 74(5) of the SEBI (Depositories and Participants), Regulations 2018 for the Quarter ended 31-12-2025.In compliance with Regulation 74(5) of SEBI (Depositories and Participants) Regulations, 2018, we are forwarding herewith a copy of the Certificate received from the Registrar and Share Transfer Agent of the company   Venture Capital & Corporate Investments Private Limited, Hyderabad for the quarter ended 31-12-2025. You are requested to take same on your records.",30-Jan-2026 16:01:09,2026-01-30 16:01:09,30-Jan-2026 16:01:10,00:00:01,https://nsearchives.nseindia.com/corporate/PRAENG_30012026160045_PESL-74_5_Q3.pdf
EMBDL,Embassy Developments Limited,General Updates,Embassy Developments Limited has informed the Exchange about Allotment of non-convertible debentures aggregating to INR 250 crores.,30-Jan-2026 16:00:06,2026-01-30 16:00:06,30-Jan-2026 16:00:08,00:00:02,https://nsearchives.nseindia.com/corporate/IBREL_30012026155752_EDL_SE_Intimation_Allotment_of_NCD_3001.pdf
ANANTRAJ,Anant Raj Limited,Updates,"Anant Raj Limited has informed the Exchange regarding 'Report on action taken during the Special Window for re-lodgement of transfer requests (December 1, 2025, to January 6, 2026)'.",30-Jan-2026 16:00:04,2026-01-30 16:00:04,30-Jan-2026 16:00:06,00:00:02,https://nsearchives.nseindia.com/corporate/ANANTRAJ_30012026155930_Report_on_Special_Window_30012026.pdf
NILASPACES,Nila Spaces Limited,Resignation of Independent director,NILA SPACES LIMITED has informed the Exchange about Resignation of Independent director.,30-Jan-2026 15:59:27,2026-01-30 15:59:27,30-Jan-2026 15:59:28,00:00:01,https://nsearchives.nseindia.com/corporate/NILASPACES_ROID_77063_KMP_Doc.zip
SKIPPER,Skipper Limited,Updates,Skipper Limited has informed the Exchange regarding 'updates'.,30-Jan-2026 15:59:06,2026-01-30 15:59:06,30-Jan-2026 15:59:06,00:00:00,https://nsearchives.nseindia.com/corporate/skipper_30012026155745_updatesnse.pdf
PATINTLOG,Patel Integrated Logistics Limited,Resignation,"Pursuant to Regulation 30 read with Para A of Part A of Schedule III of the SEBI (Listing Obligations and Disclosure Requirements) Regulations, 2015, we wish to inform you that Mr. Deepak Madhukar Keni, Chief Financial Officer (CFO) of the Company has tendered his resignation effective from close of business hours on 30th January, 2026, on account of personal reasons.",30-Jan-2026 15:58:47,2026-01-30 15:58:47,30-Jan-2026 15:58:48,00:00:01,https://nsearchives.nseindia.com/corporate/PATELINT_30012026155839_Final_Deepak_CFO_Resignation_Signed.pdf
NEOGEN,Neogen Chemicals Limited,Analysts/Institutional Investor Meet/Con. Call Updates,Neogen Chemicals Limited has informed the Exchange about Schedule of meet,30-Jan-2026 15:58:00,2026-01-30 15:58:00,30-Jan-2026 15:58:01,00:00:01,https://nsearchives.nseindia.com/corporate/NEOGEN_30012026155743_Intimationofmeeting09032026.pdf
NEULANDLAB,Neuland Laboratories Limited,Updates,Neuland Laboratories Limited has informed the Exchange regarding 'Intimation regarding conversion of Statutory Auditor s Firm to a Limited Liability Partnership (LLP)'.,30-Jan-2026 15:57:57,2026-01-30 15:57:57,30-Jan-2026 15:57:59,00:00:02,https://nsearchives.nseindia.com/corporate/NEULANDLAB_30012026155723_SignedSE_Intimation.pdf
NILASPACES,Nila Spaces Limited,Resignation,"Nila Spaces Limited has informed the Exchange regarding Resignation of Mr AMIT CHOKSHI as Non- Executive Independent Director of the company w.e.f. January 30, 2026.",30-Jan-2026 15:57:22,2026-01-30 15:57:22,30-Jan-2026 15:57:23,00:00:01,https://nsearchives.nseindia.com/corporate/NILASPACES_30012026155616_ResignationAmitChokshi.pdf
SURAJEST,Suraj Estate Developers Limited,Statement of deviation(s) or variation(s) under Reg. 32,Suraj Estate Developers Limited has informed the Exchange about statement of deviation(s) or variation(s) under Reg. 32,30-Jan-2026 15:57:21,2026-01-30 15:57:21,30-Jan-2026 15:57:23,00:00:02,https://nsearchives.nseindia.com/corporate/SURAJ_30012026155710_SOD.pdf
USHAMART,Usha Martin Limited,Analysts/Institutional Investor Meet/Con. Call Updates,USHAMART: Usha Martin Limited has informed the Exchange about Link of Recording.,30-Jan-2026 15:57:11,2026-01-30 15:57:11,30-Jan-2026 15:57:12,00:00:01,https://nsearchives.nseindia.com/corporate/USHAMART_30012026155639_SEIntimationAudioRecording30012026.pdf
SESHAPAPER,Seshasayee Paper and Boards Limited,Credit Rating- New,"Seshasayee Paper and Boards Limited has informed the Exchange, we wish to inform you that ICRA Limited vide its letter dated 30.01.2026 has assigned the Credit Rating for the Credit Facilities availed by the Company from Bankers.",30-Jan-2026 15:56:30,2026-01-30 15:56:30,30-Jan-2026 15:56:31,00:00:01,https://nsearchives.nseindia.com/corporate/SESHAPAPER_30012026155619_ICRA.pdf
HPAL,HP Adhesives Limited,Credit Rating,HP Adhesives Limited has informed the Exchange about Credit Rating,30-Jan-2026 15:56:28,2026-01-30 15:56:28,30-Jan-2026 15:56:29,00:00:01,https://nsearchives.nseindia.com/corporate/HPAL_30012026155616_CreditRating30012026.pdf
NEOGEN,Neogen Chemicals Limited,Analysts/Institutional Investor Meet/Con. Call Updates,Neogen Chemicals Limited has informed the Exchange about Schedule of meet,30-Jan-2026 15:56:00,2026-01-30 15:56:00,30-Jan-2026 15:56:01,00:00:01,https://nsearchives.nseindia.com/corporate/NEOGEN_30012026155546_Intimationofmeeting23022026.pdf
SURAJEST,Suraj Estate Developers Limited,Monitoring Agency Report,"Monitoring Agency Report for the quarter ended December 31, 2025",30-Jan-2026 15:55:42,2026-01-30 15:55:42,30-Jan-2026 15:55:43,00:00:01,https://nsearchives.nseindia.com/corporate/SURAJ_30012026155532_MA.pdf
DCW,DCW Limited,General Updates,DCW Limited has informed the Exchange about General Updates,30-Jan-2026 15:55:28,2026-01-30 15:55:28,30-Jan-2026 15:55:28,00:00:00,https://nsearchives.nseindia.com/corporate/DCW_30012026155518_Intimation_Certified_copy_of_Order_.pdf
APOLLOPIPE,Apollo Pipes Limited,Analysts/Institutional Investor Meet/Con. Call Updates,"Apollo Pipes Limited has informed the Exchange about Link of Recording regarding conference call held on January 30,2026.",30-Jan-2026 15:54:34,2026-01-30 15:54:34,30-Jan-2026 15:54:35,00:00:01,https://nsearchives.nseindia.com/corporate/APOLLOPIPE_30012026155326_Concall30012026.pdf
CRIZAC,Crizac Limited,Updates,Crizac Limited has informed the Exchange regarding 'Communication sent to the Shareholders of the Company regarding the Tax Deduction at Source on Dividend Payout'.,30-Jan-2026 15:52:52,2026-01-30 15:52:52,30-Jan-2026 15:52:53,00:00:01,https://nsearchives.nseindia.com/corporate/CRIZAC0301_30012026155226_Intimation_regarding_Communication_reg_TDS_On_Div_Payout.pdf
PAYTM,One 97 Communications Limited,Analysts/Institutional Investor Meet/Con. Call Updates,"One 97 Communications Limited has informed the Exchange about Audio recording of the Earnings Conference Call dated January 30, 2026",30-Jan-2026 15:52:16,2026-01-30 15:52:16,30-Jan-2026 15:52:17,00:00:01,https://nsearchives.nseindia.com/corporate/PAYTM_30012026155130_SE_Disclosure_Reg30EarningsConferenceCallPresentation_Recordinglink_sd.pdf
AADHARHFC,Aadhar Housing Finance Limited,Outcome of Board Meeting,"Aadhar Housing Finance Limited has submitted to the Exchange, the financial results for the quarter ended December 31, 2025.",30-Jan-2026 15:52:10,2026-01-30 15:52:10,30-Jan-2026 15:52:10,00:00:00,https://nsearchives.nseindia.com/corporate/AHFL2021_30012026155143_Full_Set_Dec25.pdf
KAJARIACER,Kajaria Ceramics Limited,Updates,"In continuation of our letter dated December 29, 2025, regarding Closure of Trading Window, we wish to inform you that pursuant to the Company s Code of Conduct for Prevention of Insider Trading read with the SEBI (Prohibition of Insider Trading) Regulations, 2015, the Trading Window for dealing in the Securities of the Company shall be opened after expiry of forty-eight (48) hours from the announcement of the outcome (including declaration of the Un-audited Financial Results of the Company for the quarter/nine months ended December 31, 2025) of the Board Meeting of the Company held on January 30, 2026 to NSE & BSE.",30-Jan-2026 15:51:54,2026-01-30 15:51:54,30-Jan-2026 15:51:55,00:00:01,https://nsearchives.nseindia.com/corporate/KAJARIACER_30012026155131_Openinhg_SE.pdf
MANBA,Manba Finance Limited,Investor Presentation,Manba Finance Limited has informed the Exchange about Investor Presentation,30-Jan-2026 15:51:31,2026-01-30 15:51:31,30-Jan-2026 15:51:32,00:00:01,https://nsearchives.nseindia.com/corporate/MANBA_30012026154938_IP_Dec_25_sd.pdf
NOIDATOLL,Noida Toll Bridge Company Limited,Press Release,"Please find attached Press release on the Financial Results for the quarter/nine months ended December 31, 2025",30-Jan-2026 15:51:13,2026-01-30 15:51:13,30-Jan-2026 15:51:14,00:00:01,https://nsearchives.nseindia.com/corporate/NOIDATOLL_30012026155013_Media_Release_-_NTBCL_-_Q3FY26-_final_draft_R1__1_.pdf
KAJARIACER,Kajaria Ceramics Limited,Press Release,"Pursuant to the provisions of the SEBI (Listing Obligations and Disclosure Requirements) Regulations, 2015, please find enclosed an Investors  Release dated January 30, 2026, specifying the summary of financial performance and other developments for the quarter/nine months ended December 31, 2025.",30-Jan-2026 15:49:44,2026-01-30 15:49:44,30-Jan-2026 15:49:45,00:00:01,https://nsearchives.nseindia.com/corporate/KAJARIACER_30012026154547_Investor_Release.pdf
LCCINFOTEC,LCC Infotech Limited,Corrigendum,LCC Infotech Limited has informed the Exchange regarding Corrigendum to Notice of Extra Ordinary General Meeting,30-Jan-2026 15:48:29,2026-01-30 15:48:29,30-Jan-2026 15:48:30,00:00:01,https://nsearchives.nseindia.com/corporate/LCCINFOTEC_30012026154605_Corrigendum_to_the_Notice.pdf
ELECTHERM,Electrotherm (India) Limited,Defaults on Payment of Interest/Principal,Disclosure of default on payment of interest / repayment of principal amount on loans from Banks / Financial Institutions,30-Jan-2026 15:46:23,2026-01-30 15:46:23,30-Jan-2026 15:46:24,00:00:01,https://nsearchives.nseindia.com/corporate/ELECTHERM_30012026154612_260130_-_SE_Letter_-_Default_Disclosure.pdf
SUVEN,Suven Life Sciences Limited,Copy of Newspaper Publication,Suven Life Sciences Limited has informed the Exchange about Copy of Newspaper Publication,30-Jan-2026 15:46:19,2026-01-30 15:46:19,30-Jan-2026 15:46:19,00:00:00,https://nsearchives.nseindia.com/corporate/SUVEN1509_30012026154605_SUVENNewspapterAdvt30012026.pdf
NAVNETEDUL,Navneet Education Limited,Outcome of Board Meeting,"Navneet Education Limited has submitted to the Exchange, the financial results for the period ended December 31, 2025.",30-Jan-2026 15:45:35,2026-01-30 15:45:35,30-Jan-2026 15:45:37,00:00:02,https://nsearchives.nseindia.com/corporate/NAVNETEDUL_30012026154312_NEL-LH-133.pdf
INTELLECT,Intellect Design Arena Limited,Outcome of Board Meeting,"Intellect Design Arena Limited has submitted to the Exchange, the financial results for the period ended December 31, 2025.",30-Jan-2026 15:45:12,2026-01-30 15:45:12,30-Jan-2026 15:45:13,00:00:01,https://nsearchives.nseindia.com/corporate/INTELLECT_30012026154431_Outcome_of_Q3FY26Final.pdf
SJVN,SJVN Limited,Retirement,SJVN Limited has informed the Exchange about Retirement,30-Jan-2026 15:44:49,2026-01-30 15:44:49,30-Jan-2026 15:44:50,00:00:01,https://nsearchives.nseindia.com/corporate/SJVN_30012026154435_akg.pdf
WALCHANNAG,Walchandnagar Industries Limited,General Updates,Walchandnagar Industries Limited has informed the Exchange about General Updates - Amendment in MoA of the Company pursuant to shifting Registered Office of the Company.,30-Jan-2026 15:43:45,2026-01-30 15:43:45,30-Jan-2026 15:43:46,00:00:01,https://nsearchives.nseindia.com/corporate/WALCHANNAG_30012026154336_WIL__Reg_30_MoA_Change.pdf
CANBK,Canara Bank,Copy of Newspaper Publication,Canara Bank has informed the Exchange about Copy of Newspaper Publication,30-Jan-2026 15:43:04,2026-01-30 15:43:04,30-Jan-2026 15:43:05,00:00:01,https://nsearchives.nseindia.com/corporate/CANBK_30012026154248_signed.pdf
DBREALTY,Valor Estate Limited,Amalgamation/Merger,Intimation of receipt of the order from Hon'ble NCLT approving the Scheme of Merger/Amalgamation of Sahyadri Agro and Dairy Private Limited with Horizontal Ventures Private Limited and their respective shareholders,30-Jan-2026 15:41:54,2026-01-30 15:41:54,30-Jan-2026 15:41:56,00:00:02,https://nsearchives.nseindia.com/corporate/DBR_30012026154136_NSE.pdf
BANARBEADS,Banaras Beads Limited,Updates,"Banaras Beads Limited has informed the Exchange regarding 'Reduction/change in capital due to forfeiture  of 38700 partly paid shares, by board on 29.01.2026. '.",30-Jan-2026 15:41:53,2026-01-30 15:41:53,30-Jan-2026 15:41:55,00:00:02,https://nsearchives.nseindia.com/corporate/BANARBEADS_30012026154115_Capital.pdf
WALCHANNAG,Walchandnagar Industries Limited,General Updates,Walchandnagar Industries Limited has informed the Exchange about General Updates - Shifting of Registered Office of the Company,30-Jan-2026 15:41:41,2026-01-30 15:41:41,30-Jan-2026 15:41:42,00:00:01,https://nsearchives.nseindia.com/corporate/WALCHANNAG_30012026154132_WIL__Reg_30_MoA_Change.pdf
SALZERELEC,Salzer Electronics Limited,Analysts/Institutional Investor Meet/Con. Call Updates,Salzer Electronics Limited has informed the Exchange about Schedule of meet,30-Jan-2026 15:39:43,2026-01-30 15:39:43,30-Jan-2026 15:39:44,00:00:01,https://nsearchives.nseindia.com/corporate/SALZERELEC_30012026153930_EarningCallInviteQ3M9FY26.pdf
WALCHANNAG,Walchandnagar Industries Limited,Appointment,"Walchandnagar Industries Limited has informed the Exchange regarding Appointment of Mr Chirag C Doshi as Managing Director & CEO of the company w.e.f. April 01, 2026.",30-Jan-2026 15:38:00,2026-01-30 15:38:00,30-Jan-2026 15:38:01,00:00:01,https://nsearchives.nseindia.com/corporate/WALCHANNAG_30012026153743_WIL_-_Reg_30_Appointment_of_CCD.pdf
NOIDATOLL,Noida Toll Bridge Company Limited,Outcome of Board Meeting,"Noida Toll Bridge Company Limited has submitted to the Exchange, the financial results for the period ended December 31, 2025.",30-Jan-2026 15:37:27,2026-01-30 15:37:27,30-Jan-2026 15:37:28,00:00:01,https://nsearchives.nseindia.com/corporate/NOIDATOLL_30012026153415_Corporateannouncement.pdf
JINDRILL,Jindal Drilling And Industries Limited,Analysts/Institutional Investor Meet/Con. Call Updates,Jindal Drilling And Industries Limited has informed the Exchange about Link of Recording,30-Jan-2026 15:35:52,2026-01-30 15:35:52,30-Jan-2026 15:35:54,00:00:02,https://nsearchives.nseindia.com/corporate/JINDRILL_30012026153537_stx_sd.pdf
KAJARIACER,Kajaria Ceramics Limited,General Updates,The Board has approved the re-constitution of the Operating Committee of the Company authorised for the purpose of determining materiality of events or information and for making disclosures to the Stock Exchange(s),30-Jan-2026 15:35:05,2026-01-30 15:35:05,30-Jan-2026 15:35:06,00:00:01,https://nsearchives.nseindia.com/corporate/KAJARIACER_30012026153444_Outcome.pdf
COLPAL,Colgate Palmolive (India) Limited,Copy of Newspaper Publication,Colgate Palmolive (India) Limited has informed the Exchange about Copy of Newspaper Publication,30-Jan-2026 15:34:06,2026-01-30 15:34:06,30-Jan-2026 15:34:07,00:00:01,https://nsearchives.nseindia.com/corporate/COLPALS_30012026153353_SEintimationnewspaper.pdf
UTKARSHBNK,Utkarsh Small Finance Bank Limited,Copy of Newspaper Publication,Utkarsh Small Finance Bank Limited has informed the Exchange about Copy of Newspaper Publication,30-Jan-2026 15:33:43,2026-01-30 15:33:43,30-Jan-2026 15:33:44,00:00:01,https://nsearchives.nseindia.com/corporate/UTKARSHBANK_30012026153305_Intimationnewspaperpublication_30_01_2026.pdf
HINDPETRO,Hindustan Petroleum Corporation Limited,Press Release,"Hindustan Petroleum Corporation Limited has informed the Exchange regarding a press release dated January 30, 2026, titled ""HPCL Partners with Maraal Aerospace to Power India s Next-Generation Clean-Energy UAV Platforms during IEW 2026 at Goa"".",30-Jan-2026 15:33:31,2026-01-30 15:33:31,30-Jan-2026 15:33:32,00:00:01,https://nsearchives.nseindia.com/corporate/HINDPETRO1_30012026152748_Maraal.pdf
KAJARIACER,Kajaria Ceramics Limited,Appointment,"The Board has approved the appointment of Mr. Vinit Kumar as the Company Secretary, designated as the General Counsel & Company Secretary, Compliance Officer, Key Managerial Personnel and Senior Management of the Company with effect from April 1, 2026.",30-Jan-2026 15:33:31,2026-01-30 15:33:31,30-Jan-2026 15:33:31,00:00:00,https://nsearchives.nseindia.com/corporate/KAJARIACER_30012026153300_Outcome.pdf
SIGNPOST,Signpost India Limited,Change in Management,Signpost India Limited has informed the Exchange about change in Management,30-Jan-2026 15:33:10,2026-01-30 15:33:10,30-Jan-2026 15:33:10,00:00:00,https://nsearchives.nseindia.com/corporate/SIGNPOST_30012026152902_Reg_30_Resignation_of_SMP_Roch.pdf
SWIGGY,Swiggy Limited,Analysts/Institutional Investor Meet/Con. Call Updates,Swiggy Limited has informed the Exchange about Link of Recording,30-Jan-2026 15:31:44,2026-01-30 15:31:44,30-Jan-2026 15:31:45,00:00:01,https://nsearchives.nseindia.com/corporate/SWIGGY_30012026153125_Earnings_call_outcome_Signed.pdf
LICI,Life Insurance Corporation Of India,Change in Management,Life Insurance Corporation of India has informed the Exchange about superannuation of Senior Managment Personnel.,30-Jan-2026 15:31:40,2026-01-30 15:31:40,30-Jan-2026 15:31:41,00:00:01,https://nsearchives.nseindia.com/corporate/LIC_BOARD_30012026153050_Cessation_SMP.pdf
VEDL,Vedanta Limited,News Verification,The Exchange has sought clarification from Vedanta Limited with respect to recent news item captioned Vedanta moves HC over 2011 arbitral award declaring Balco shares transfer as void..  The response from the Company is attached.,30-Jan-2026 15:31:28,2026-01-30 15:31:28,30-Jan-2026 15:31:29,00:00:01,https://nsearchives.nseindia.com/corporate/VEDL_30012026153106_SEIntimationReplytoNewsClarificationJan2026signed.pdf
ABB,ABB India Limited,News Verification,"The Exchange has sought clarification from ABB India Limited with respect to recent news item captioned ABB gives confident 2026 outlook, launches $2 billion share buyback after record year..  The response from the Company is attached.",30-Jan-2026 15:30:43,2026-01-30 15:30:43,30-Jan-2026 15:30:44,00:00:01,https://nsearchives.nseindia.com/corporate/ABB_30012026152908_NSE_Clarification_2026.pdf
KAJARIACER,Kajaria Ceramics Limited,Retirement,"The Board has approved the superannuation of Mr. Ram Chandra Rawat from the services as the COO (A&T) & Company Secretary, Compliance Officer, Key Managerial Personnel and Senior Management of the Company of the Company with effect from the close of working hours of March 31, 2026.",30-Jan-2026 15:30:32,2026-01-30 15:30:32,30-Jan-2026 15:30:33,00:00:01,https://nsearchives.nseindia.com/corporate/KAJARIACER_30012026153013_Outcome.pdf
KAJARIACER,Kajaria Ceramics Limited,Change in Company Secretary/Compliance Officer,"The Board has approved;1. the superannuation of Mr. Ram Chandra Rawat from the services as the COO (A&T) & Company Secretary, Compliance Officer, Key Managerial Personnel and Senior Management of the Company of the Company with effect from the close of working hours of March 31, 2026.2. the appointment of Mr. Vinit Kumar as the Company Secretary, designated as the General Counsel & Company Secretary, Compliance Officer, Key Managerial Personnel and Senior Management of the Company with effect from April 1, 2026.",30-Jan-2026 15:29:06,2026-01-30 15:29:06,30-Jan-2026 15:29:07,00:00:01,https://nsearchives.nseindia.com/corporate/KAJARIACER_30012026152826_Outcome.pdf
HESTERBIO,Hester Biosciences Limited,Analysts/Institutional Investor Meet/Con. Call Updates,Hester Biosciences Limited has informed the Exchange about Link of Recording,30-Jan-2026 15:28:54,2026-01-30 15:28:54,30-Jan-2026 15:28:55,00:00:01,https://nsearchives.nseindia.com/corporate/HESTERBIO_30012026151554_20260130Audiorecording_Call.pdf
KAJARIACER,Kajaria Ceramics Limited,General Updates,"1. The Board has approved acquisition of 2,500 equity shares of Kajaria Adhesive Private Limited. 2. The Board has approved acquisition of 9,50,000 equity shares of Kajaria Surfaces Private Limited.",30-Jan-2026 15:27:14,2026-01-30 15:27:14,30-Jan-2026 15:27:15,00:00:01,https://nsearchives.nseindia.com/corporate/KAJARIACER_30012026152639_Outcome.pdf
TARACHAND,Tara Chand InfraLogistic Solutions Limited,Analysts/Institutional Investor Meet/Con. Call Updates,Tara Chand InfraLogistic Solutions Limited has informed the Exchange about Link of Recording,30-Jan-2026 15:26:31,2026-01-30 15:26:31,30-Jan-2026 15:26:32,00:00:01,https://nsearchives.nseindia.com/corporate/TARACHAND_30012026152625_Earrings_call_meet_audio_recording.pdf
TATACOMM,Tata Communications Limited,Press Release,"Tata Communications Limited has informed the Exchange regarding a press release dated January 30, 2026, titled ""Tata Communications Launches AI-Ready Suite to Empower Enterprises"".",30-Jan-2026 15:26:21,2026-01-30 15:26:21,30-Jan-2026 15:26:22,00:00:01,https://nsearchives.nseindia.com/corporate/TATACOMM_30012026152608_18360final.pdf
MSUMI,Motherson Sumi Wiring India Limited,Outcome of Board Meeting,"Motherson Sumi Wiring India Limited has submitted to the Exchange, the financial results for the period ended December 31, 2025.",30-Jan-2026 15:26:13,2026-01-30 15:26:13,30-Jan-2026 15:26:15,00:00:02,https://nsearchives.nseindia.com/corporate/MSWIL_30012026152600_FINANCIALSDEC.pdf
CONCOR,Container Corporation of India Limited,Analysts/Institutional Investor Meet/Con. Call Updates,Container Corporation Of India Limited has informed the Exchange about Link of Recording,30-Jan-2026 15:25:22,2026-01-30 15:25:22,30-Jan-2026 15:25:22,00:00:00,https://nsearchives.nseindia.com/corporate/CONCOR_30012026152513_CONCOR_30012026_AudioLinkS.pdf
KAJARIACER,Kajaria Ceramics Limited,Outcome of Board Meeting,"The Board of Directors has approved the Unaudited Financial Results (Standalone and Consolidated) of the Company for the quarter/nine months ended December 31, 2025.",30-Jan-2026 15:25:22,2026-01-30 15:25:22,30-Jan-2026 15:25:23,00:00:01,https://nsearchives.nseindia.com/corporate/KAJARIACER_30012026152339_Outcome.pdf
KPEL,K.P. Energy Limited,Bagging/Receiving of orders/contracts,K.P. Energy Limited has informed the Exchange about Bagging/Receiving of orders/contracts,30-Jan-2026 15:24:37,2026-01-30 15:24:37,30-Jan-2026 15:24:38,00:00:01,https://nsearchives.nseindia.com/corporate/KPENERGY_30012026152151_35_Inox_LOA_99MW_Bhuj_Signed.pdf
JSWENERGY,JSW Energy Limited,News Verification,The Exchange has sought clarification from JSW Energy Limited with respect to recent news item captioned JSW Energy to set up its first nuclear power plant by 2030..  The response from the Company is attached.,30-Jan-2026 15:23:38,2026-01-30 15:23:38,30-Jan-2026 15:23:39,00:00:01,https://nsearchives.nseindia.com/corporate/kkurmi_30012026151520_NSE_Clarification_letter.pdf
STALLION,Stallion India Fluorochemicals Limited,Press Release,"Stallion India Fluorochemicals Limited Enters Long-Term Strategic Partnership with Sharjah Oxygen Company, Dubai for Liquid Helium Sourcing from Qatar",30-Jan-2026 15:23:27,2026-01-30 15:23:27,30-Jan-2026 15:23:27,00:00:00,https://nsearchives.nseindia.com/corporate/STALLION_30012026152246_Pressreleaaseforsharjahoxygencompanysigned.pdf
NATIONALUM,National Aluminium Company Limited,Record Date,National Aluminium Company Limited has informed the Exchange that Record date for the purpose of Dividend  is 06-Feb-2026.,30-Jan-2026 15:23:26,2026-01-30 15:23:26,30-Jan-2026 15:23:27,00:00:01,https://nsearchives.nseindia.com/corporate/bharatsahu_30012026152132_SELetter_Outcome.pdf
WINDMACHIN,Windsor Machines Limited,Outcome of Board Meeting,"Windsor Machines Limited has submitted to the Exchange, the outcome of Board Meeting held on January 30, 2026 for the financial results for the quarter and period ended December 31, 2025.",30-Jan-2026 15:23:07,2026-01-30 15:23:07,30-Jan-2026 15:23:08,00:00:01,https://nsearchives.nseindia.com/corporate/WINDMACHIN_30012026152100_Outcome_of_the_Board_Meeting_30012026.pdf
AJANTPHARM,Ajanta Pharma Limited,General Updates,Ajanta Pharma Limited has informed the Exchange about General Updates- Vesting and Cash Settlement of Stock Appreciation Rights (SARs) and Cancellation of Employee Stock Options (ESOPs),30-Jan-2026 15:22:55,2026-01-30 15:22:55,30-Jan-2026 15:22:57,00:00:02,https://nsearchives.nseindia.com/corporate/AJANTPHARM_30012026152229_NRCOutcome30012026.pdf
CGPOWER,CG Power and Industrial Solutions Limited,Press Release,"CG Power and Industrial Solutions Limited has informed the Exchange regarding a press release dated January 30, 2026, titled ""Press Release dated 30th January 2026"".",30-Jan-2026 15:22:48,2026-01-30 15:22:48,30-Jan-2026 15:22:49,00:00:01,https://nsearchives.nseindia.com/corporate/CGPOWER_30012026151923_Disclosure_Press_Release.pdf
GVT&D,GE Vernova T&D India Limited,Copy of Newspaper Publication,GE Vernova T&D India Limited has informed the Exchange about Copy of Newspaper Publication,30-Jan-2026 15:22:21,2026-01-30 15:22:21,30-Jan-2026 15:22:22,00:00:01,https://nsearchives.nseindia.com/corporate/GETDIL1_30012026152140_GETDILIntimationofNewspaperPublicationJanuary302026.pdf
KAJARIACER,Kajaria Ceramics Limited,Outcome of Board Meeting,"Outcome of the Board Meeting held today and announcements pursuant to the SEBI (LODR) Regulations, 2015.",30-Jan-2026 15:22:17,2026-01-30 15:22:17,30-Jan-2026 15:22:18,00:00:01,https://nsearchives.nseindia.com/corporate/KAJARIACER_30012026152146_Outcome.pdf
HINDPETRO,Hindustan Petroleum Corporation Limited,Press Release,"Hindustan Petroleum Corporation Limited has informed the Exchange regarding a press release dated January 30, 2026, titled ""HPCL and IGX sign MoU to enhance access to HPCL s LNG Terminal at Chhara, Gujarat  Goa"".",30-Jan-2026 15:21:34,2026-01-30 15:21:34,30-Jan-2026 15:21:35,00:00:01,https://nsearchives.nseindia.com/corporate/HINDPETRO1_30012026152121_HPCLandIGX.pdf
INSECTICID,Insecticides (India) Limited,Analysts/Institutional Investor Meet/Con. Call Updates,Insecticides (India) Limited has informed the Exchange about Presentation,30-Jan-2026 15:20:56,2026-01-30 15:20:56,30-Jan-2026 15:20:57,00:00:01,https://nsearchives.nseindia.com/corporate/INSECTICID_30012026152017_STXEP31122025.pdf
KSCL,Kaveri Seed Company Limited,Analysts/Institutional Investor Meet/Con. Call Updates,"Kaveri Seed Company Limited has informed the Exchange about Schedule of meet on Tuesday, 10th February, 2026 from 3.00 P.M. IST will be initiated with a brief management discussion on the Q3 FY 2025-26 results to be declared on Monday 09th February, 2026 followed by an interactive Question & Answer session.",30-Jan-2026 15:20:30,2026-01-30 15:20:30,30-Jan-2026 15:20:31,00:00:01,https://nsearchives.nseindia.com/corporate/KSCL_30012026151931_ConcallInvitation.pdf
ADVANIHOTR,Advani Hotels & Resorts (India) Limited,Press Release,"Advani Hotels & Resorts (India) Limited has informed the Exchange regarding a press release dated January 29, 2026, titled ""Postal Ballot Notice - newspaper publication"".",30-Jan-2026 15:19:19,2026-01-30 15:19:19,30-Jan-2026 15:19:20,00:00:01,https://nsearchives.nseindia.com/corporate/ADVANIHOTR_30012026151904_20260130_NewspaperPublicationOnPostalBallot2026.pdf
JKIL,J.Kumar Infraprojects Limited,Analysts/Institutional Investor Meet/Con. Call Updates,J.Kumar Infraprojects Limited has informed the Exchange about Schedule of meet,30-Jan-2026 15:19:06,2026-01-30 15:19:06,30-Jan-2026 15:19:07,00:00:01,https://nsearchives.nseindia.com/corporate/JKInfra_30012026151844_Concall_intimation_to_SE.pdf
ASIANTILES,Asian Granito India Limited,Statement of deviation(s) or variation(s) under Reg. 32,Asian Granito India Limited has informed the Exchange about statement of deviation(s) or variation(s) under Reg. 32,30-Jan-2026 15:18:54,2026-01-30 15:18:54,30-Jan-2026 15:18:55,00:00:01,https://nsearchives.nseindia.com/corporate/ASIANTILES_30012026151840_Statement_of_Deviationsigned30012026.pdf
ZEEL,Zee Entertainment Enterprises Limited,Analysts/Institutional Investor Meet/Con. Call Updates,Zee Entertainment Enterprises Limited has informed the Exchange about Transcript,30-Jan-2026 15:18:22,2026-01-30 15:18:22,30-Jan-2026 15:18:23,00:00:01,https://nsearchives.nseindia.com/corporate/ZEEL_30012026151734_SEIntimationTranscriptJan26s.pdf
NDTV,New Delhi Television Limited,Copy of Newspaper Publication,"New Delhi Television Limited has informed the Exchange about Copy of Newspaper Publication for Statement of Standalone and Consolidated Un-audited Financial Results of the Company, for the quarter and nine months ended December 31, 2025.",30-Jan-2026 15:17:40,2026-01-30 15:17:40,30-Jan-2026 15:17:41,00:00:01,https://nsearchives.nseindia.com/corporate/NDTV_30012026151708_Newspaper_Publication_of_Results_300126.pdf
LICI,Life Insurance Corporation Of India,Analysts/Institutional Investor Meet/Con. Call Updates,"Life Insurance Corporation of India has informed the Exchange about Schedule of Earning Call meet with analysts / investors on February 05, 2026.",30-Jan-2026 15:16:45,2026-01-30 15:16:45,30-Jan-2026 15:16:46,00:00:01,https://nsearchives.nseindia.com/corporate/LIC_BOARD_30012026151549_Earning_Call_Invite.pdf
MEDANTA,Global Health Limited,Analysts/Institutional Investor Meet/Con. Call Updates,Global Health Limited has informed the Exchange about Schedule of meet,30-Jan-2026 15:16:43,2026-01-30 15:16:43,30-Jan-2026 15:16:44,00:00:01,https://nsearchives.nseindia.com/corporate/MEDANTA21_30012026151507_GHLEARNINGCALLJANUARY2026FINALSIGNED.pdf
URBANCO,Urban Company Limited,Copy of Newspaper Publication,Urban Company Limited has informed the Exchange about Copy of Newspaper Publication on Confirmation of Dispatch of Postal Ballot Notice,30-Jan-2026 15:16:08,2026-01-30 15:16:08,30-Jan-2026 15:16:08,00:00:00,https://nsearchives.nseindia.com/corporate/URBANCO_30012026151548_UC_PB_Dispatch_Nespaper_Adv_30012026.pdf
INSECTICID,Insecticides (India) Limited,Press Release,"Insecticides (India) Limited has informed the Exchange regarding a press release dated January 30, 2026, titled ""Earning Press Release for Q3 & 9M of FY 2025-26 Results"".",30-Jan-2026 15:15:04,2026-01-30 15:15:04,30-Jan-2026 15:15:04,00:00:00,https://nsearchives.nseindia.com/corporate/INSECTICID_30012026151447_STXPR31122025.pdf
MSUMI,Motherson Sumi Wiring India Limited,Press Release,"Motherson Sumi Wiring India Limited has informed the Exchange regarding a press release dated 0 , , titled ""press release "".",30-Jan-2026 15:14:01,2026-01-30 15:14:01,30-Jan-2026 15:14:02,00:00:01,https://nsearchives.nseindia.com/corporate/MSWIL_30012026151348_press_release.pdf
SANGHIIND,Sanghi Industries Limited,Investor Presentation,Sanghi Industries Limited has informed the Exchange about Investor Presentation,30-Jan-2026 15:12:52,2026-01-30 15:12:52,30-Jan-2026 15:12:53,00:00:01,https://nsearchives.nseindia.com/corporate/SANGHIIND_30012026151210_SIL_InvestorPresentation.pdf
MANUGRAPH,Manugraph India Limited,Copy of Newspaper Publication,Manugraph India Limited has informed the Exchange about Copy of Newspaper Publication relating to Board Meeting intimation,30-Jan-2026 15:12:52,2026-01-30 15:12:52,30-Jan-2026 15:12:53,00:00:01,https://nsearchives.nseindia.com/corporate/MANUGRAPH_30012026151241_MIL_SE_NPs_Intimation_BM_30012026_with_CL.pdf
MSUMI,Motherson Sumi Wiring India Limited,Investor Presentation,Motherson Sumi Wiring India Limited has informed the Exchange about Investor Presentation,30-Jan-2026 15:12:50,2026-01-30 15:12:50,30-Jan-2026 15:12:52,00:00:02,https://nsearchives.nseindia.com/corporate/MSWIL_30012026151242_ppt.pdf
ONWARDTEC,Onward Technologies Limited,Updates,Onward Technologies Limited has informed the Exchange regarding 'Intimation under Regulation 30'.,30-Jan-2026 15:12:48,2026-01-30 15:12:48,30-Jan-2026 15:12:49,00:00:01,https://nsearchives.nseindia.com/corporate/MD11015_30012026151217_SE_Intimation_30012026.pdf
ORIENTELEC,Orient Electric Limited,Analysts/Institutional Investor Meet/Con. Call Updates,Orient Electric Limited has informed the Exchange about Transcript,30-Jan-2026 15:11:55,2026-01-30 15:11:55,30-Jan-2026 15:11:55,00:00:00,https://nsearchives.nseindia.com/corporate/ORIENTELEC_30012026151146_OELQ3EarningsCallTranscriptFY26.pdf
ORIENTCEM,Orient Cement Limited,Investor Presentation,Orient Cement Limited has informed the Exchange about Investor Presentation,30-Jan-2026 15:11:22,2026-01-30 15:11:22,30-Jan-2026 15:11:24,00:00:02,https://nsearchives.nseindia.com/corporate/ORIENTCEM_30012026151110_Binder1.pdf
MSUMI,Motherson Sumi Wiring India Limited,Outcome of Board Meeting,"Motherson Sumi Wiring India Limited has informed the Exchange regarding  Board meeting held on January 30, 2026.",30-Jan-2026 15:11:02,2026-01-30 15:11:02,30-Jan-2026 15:11:03,00:00:01,https://nsearchives.nseindia.com/corporate/MSWIL_30012026151038_FINANCIALSDEC.pdf
INDIGOPNTS,Indigo Paints Limited,Analysts/Institutional Investor Meet/Con. Call Updates,Indigo Paints Limited has informed the Exchange about Schedule of meet,30-Jan-2026 15:10:58,2026-01-30 15:10:58,30-Jan-2026 15:10:58,00:00:00,https://nsearchives.nseindia.com/corporate/INDIGOPNTS_30012026112310_Indigo_Paints_Q3FY26_concall_invite_D25_SD.pdf
AJANTPHARM,Ajanta Pharma Limited,Outcome of Board Meeting,"Ajanta Pharma Limited has informed the Exchange regarding  Board meeting held on January 30, 2026.",30-Jan-2026 15:09:33,2026-01-30 15:09:33,30-Jan-2026 15:09:34,00:00:01,https://nsearchives.nseindia.com/corporate/PRACHI_30012026150552_BMOutcome30012026.pdf
NATCAPSUQ,Natural Capsules Limited,Action(s) taken or orders passed,Natural Capsules Limited has informed the Exchange about Action(s) taken or orders passed,30-Jan-2026 15:09:16,2026-01-30 15:09:16,30-Jan-2026 15:09:17,00:00:01,https://nsearchives.nseindia.com/corporate/NCL1993_30012026150831_Intimation_under_Regulation_30_signed.pdf
CONCOR,Container Corporation of India Limited,Resignation of Independent director,CONTAINER CORPORATION OF INDIA LIMITED has informed the Exchange about Resignation of Independent director.,30-Jan-2026 15:09:16,2026-01-30 15:09:16,30-Jan-2026 15:09:17,00:00:01,https://nsearchives.nseindia.com/corporate/CONCOR_ROID_77049_KMP_Doc.zip
TTL,T T Limited,Copy of Newspaper Publication,T T Limited has informed the Exchange about Copy of Newspaper Publication,30-Jan-2026 15:06:56,2026-01-30 15:06:56,30-Jan-2026 15:06:57,00:00:01,https://nsearchives.nseindia.com/corporate/TTL_30012026150553_Advertisement.pdf
CONCOR,Container Corporation of India Limited,Resignation,"Container Corporation Of India Limited has informed the Exchange regarding Resignation of Mr R C Paul Kanagaraj as Independent Director of the company w.e.f. January 30, 2026.",30-Jan-2026 15:06:45,2026-01-30 15:06:45,30-Jan-2026 15:06:46,00:00:01,https://nsearchives.nseindia.com/corporate/CONCOR_30012026150554_CONCOR_SE_IDResignationS.pdf
ARCHIDPLY,Archidply Industries Limited,Outcome of Board Meeting,"Archidply Industries Limited has informed the Exchange regarding  Board meeting held on January 30, 2026.",30-Jan-2026 15:05:28,2026-01-30 15:05:28,30-Jan-2026 15:05:28,00:00:00,https://nsearchives.nseindia.com/corporate/ARCHIDPLY_30012026150513_Outcome.pdf
NATIONALUM,National Aluminium Company Limited,Dividend,"National Aluminium Company Limited has informed the Exchange that Board of Directors at its meeting held on January 30, 2026, declared 2nd Interim Dividend of Rs. 4.5 per equity share.",30-Jan-2026 15:04:52,2026-01-30 15:04:52,30-Jan-2026 15:04:52,00:00:00,https://nsearchives.nseindia.com/corporate/bharatsahu_30012026150336_SELetter_Outcome.pdf
ACC,ACC Limited,Investor Presentation,ACC Limited has informed the Exchange about Investor Presentation,30-Jan-2026 15:04:22,2026-01-30 15:04:22,30-Jan-2026 15:04:23,00:00:01,https://nsearchives.nseindia.com/corporate/ACC_1_30012026150406_ACC_Investor_Presentation.pdf
INFOBEAN,InfoBeans Technologies Limited,"Certificate under SEBI (Depositories and Participants) Regulations, 2018","InfoBeans Techno. Ltd. has informed the Exchange about Certificate under SEBI (Depositories and Participants) Regulations, 2018",30-Jan-2026 15:04:17,2026-01-30 15:04:17,30-Jan-2026 15:04:18,00:00:01,https://nsearchives.nseindia.com/corporate/INFOBEAN_30012026150404_Reg_74_5_.pdf
WELCORP,Welspun Corp Limited,Investor Presentation,Welspun Corp Limited has informed the Exchange about Investor Presentation,30-Jan-2026 15:04:08,2026-01-30 15:04:08,30-Jan-2026 15:04:08,00:00:00,https://nsearchives.nseindia.com/corporate/WELCORP_30012026150356_SEINVESTORPRESENTATION.pdf
ARCHIDPLY,Archidply Industries Limited,Outcome of Board Meeting,"Archidply Industries Limited has submitted to the Exchange, the financial results for the period ended December 31, 2025.",30-Jan-2026 15:04:07,2026-01-30 15:04:07,30-Jan-2026 15:04:08,00:00:01,https://nsearchives.nseindia.com/corporate/ARCHIDPLY_30012026150251_Outcome.pdf
HEIDELBERG,HeidelbergCement India Limited,General Updates,HeidelbergCement India Limited has informed the Exchange about Monthly Reporting regarding request for re-lodgement of transfer request of physical form,30-Jan-2026 15:03:59,2026-01-30 15:03:59,30-Jan-2026 15:04:00,00:00:01,https://nsearchives.nseindia.com/corporate/HEIDELBERG_30012026150344_Re-lodgement_of_sharessd.pdf
AJANTPHARM,Ajanta Pharma Limited,Outcome of Board Meeting,"Ajanta Pharma Limited has submitted to the Exchange, the financial results for the period ended December 31, 2025.",30-Jan-2026 15:03:57,2026-01-30 15:03:57,30-Jan-2026 15:03:58,00:00:01,https://nsearchives.nseindia.com/corporate/PRACHI_30012026150034_BMOutcome30012026.pdf
DHANUKA,Dhanuka Agritech Limited,Analysts/Institutional Investor Meet/Con. Call Updates,Dhanuka Agritech Limited has informed the Exchange about Schedule of meet,30-Jan-2026 15:03:42,2026-01-30 15:03:42,30-Jan-2026 15:03:42,00:00:00,https://nsearchives.nseindia.com/corporate/DHANUKA_30012026150326_InvestormeetIntimation.pdf
INSECTICID,Insecticides (India) Limited,Dividend,"Insecticides (India) Limited has informed the Exchange that Board of Directors at its meeting held on January 30, 2026, declared Interim Dividend of 2 per equity share.",30-Jan-2026 15:03:42,2026-01-30 15:03:42,30-Jan-2026 15:03:43,00:00:01,https://nsearchives.nseindia.com/corporate/INSECTICID_30012026150327_STXOutcome30012026.pdf
HINDWAREAP,Hindware Home Innovation Limited,Commencement of commercial production/operations,Hindware Home Innovation Limited has informed the Exchange about Commencement of commercial production/operations,30-Jan-2026 15:02:51,2026-01-30 15:02:51,30-Jan-2026 15:02:52,00:00:01,https://nsearchives.nseindia.com/corporate/SHIL_30012026150239_SEintimation_RoorkeePlantSIGNED.pdf
CONCOR,Container Corporation of India Limited,General Updates,Container Corporation Of India Limited has informed the Exchange about Newspaper Publication for Record Date of 3rd Interim Dividend,30-Jan-2026 15:02:33,2026-01-30 15:02:33,30-Jan-2026 15:02:34,00:00:01,https://nsearchives.nseindia.com/corporate/CONCOR_30012026150214_CONCOR_3ID_30012026.pdf
GRASIM,Grasim Industries Limited,Analysts/Institutional Investor Meet/Con. Call Updates,Intimation of schedule of Analysts / Institutional Investor Meet,30-Jan-2026 15:01:13,2026-01-30 15:01:13,30-Jan-2026 15:01:14,00:00:01,https://nsearchives.nseindia.com/corporate/GRASIM_30012026150103_InvestorCall10022026.pdf
INSECTICID,Insecticides (India) Limited,General Updates,Insecticides (India) Limited has informed the Exchange about Declaration of Interim Dividend for FY 2025-2026,30-Jan-2026 15:00:46,2026-01-30 15:00:46,30-Jan-2026 15:00:46,00:00:00,https://nsearchives.nseindia.com/corporate/INSECTICID_30012026145853_STXOutcome30012026.pdf
GREENPANEL,Greenpanel Industries Limited,Investor Presentation,Greenpanel Industries Limited has informed the Exchange about Investor Presentation,30-Jan-2026 15:00:14,2026-01-30 15:00:14,30-Jan-2026 15:00:15,00:00:01,https://nsearchives.nseindia.com/corporate/GREENPANEL_30012026145923_Investor_Presentation_20260130.pdf
MTNL,Mahanagar Telephone Nigam Limited,General Updates,NON FUNDING OF 6TH SEMI ANNUAL INTEREST PAYMENT IN ESCROW ACCOUNT MAINTAINED IN BANK OF INDIA WRT MTNL BOND SERIES VIIC (INE153A08121),30-Jan-2026 14:58:50,2026-01-30 14:58:50,30-Jan-2026 14:58:51,00:00:01,https://nsearchives.nseindia.com/corporate/MTNL_30012026145756_SD_SE_NONFUNDING_30012026.pdf
ABREL,Aditya Birla Real Estate Limited,Corrigendum,Aditya Birla Real Estate Limited has informed the Exchange regarding Corrigendum issued in Loksatta Edition (Marathi) Newspaper regarding Unaudited Financial Results of the Company,30-Jan-2026 14:58:04,2026-01-30 14:58:04,30-Jan-2026 14:58:06,00:00:02,https://nsearchives.nseindia.com/corporate/CENTURYTEX_30012026145714_corrigendumintimation.pdf
SURYODAY,Suryoday Small Finance Bank Limited,Copy of Newspaper Publication,"Suryoday Small Finance Bank Limited has informed the Exchange about Copy of Newspaper Advertisements for Postal Ballot, remote e-voting and related matters.",30-Jan-2026 14:57:54,2026-01-30 14:57:54,30-Jan-2026 14:57:55,00:00:01,https://nsearchives.nseindia.com/corporate/SURYODAY_30012026145646_Intimation__Newspaper_Adv_dispatch_of_PBN_and_e_voting_sd.pdf
FLAIR,Flair Writing Industries Limited,Analysts/Institutional Investor Meet/Con. Call Updates,Flair Writing Industries Limited has informed the Exchange about Link of Recording,30-Jan-2026 14:57:01,2026-01-30 14:57:01,30-Jan-2026 14:57:02,00:00:01,https://nsearchives.nseindia.com/corporate/flair2016_30012026145650_BSE_NSE_Audio_recording_of_earnings_conference_call_Q3.pdf
BRIGADE,Brigade Enterprises Limited,Change in Management,Brigade Enterprises Limited has informed the Exchange about appointment of Cost Auditors of the Company for the financial year 2026-27.,30-Jan-2026 14:56:17,2026-01-30 14:56:17,30-Jan-2026 14:56:18,00:00:01,https://nsearchives.nseindia.com/corporate/BRIGADE_30012026145555_Outcome.pdf
ORIENTCER,ORIENT CERATECH LIMITED,Copy of Newspaper Publication,ORIENT CERATECH LIMITED has informed the Exchange about Copy of Newspaper Publication,30-Jan-2026 14:55:51,2026-01-30 14:55:51,30-Jan-2026 14:55:52,00:00:01,https://nsearchives.nseindia.com/corporate/ORIENTABRA_30012026145533_newspapersubmission.pdf
WELCORP,Welspun Corp Limited,Press Release,"Welspun Corp Limited has informed the Exchange regarding a press release dated January 30, 2026, titled ""Press Release"".",30-Jan-2026 14:55:27,2026-01-30 14:55:27,30-Jan-2026 14:55:27,00:00:00,https://nsearchives.nseindia.com/corporate/WELCORP_30012026145513_SEPRESSRELEASESIGNED.pdf
NATIONALUM,National Aluminium Company Limited,Outcome of Board Meeting,"National Aluminium Company Limited has submitted to the Exchange, the financial results for the period ended December 31, 2025.",30-Jan-2026 14:55:01,2026-01-30 14:55:01,30-Jan-2026 14:55:02,00:00:01,https://nsearchives.nseindia.com/corporate/bharatsahu_30012026145306_SELetter_Outcome.pdf
CCAVENUE,AvenuesAI Limited,Press Release,"Infibeam Avenues Limited has informed the Exchange regarding a press release dated January 30, 2026, titled ""Infibeam Avenues Ltd Completes its Corporate Rebranding to  AvenuesAI Limited  New Stock Ticker  CCAVENUE  to Debut on Stock Exchanges"".",30-Jan-2026 14:54:27,2026-01-30 14:54:27,30-Jan-2026 14:54:29,00:00:02,https://nsearchives.nseindia.com/corporate/INFIBEAM_30012026145334_IntimationPressRelease30012026.pdf
BRIGADE,Brigade Enterprises Limited,Change in Management,Brigade Enterprises Limited has informed the Exchange about appointment of Internal Auditors of the Company for the financial year 2026-27.,30-Jan-2026 14:54:06,2026-01-30 14:54:06,30-Jan-2026 14:54:07,00:00:01,https://nsearchives.nseindia.com/corporate/BRIGADE_30012026145334_Outcome.pdf
GHCL,GHCL Limited,Copy of Newspaper Publication,GHCL Limited has informed the Exchange about Copy of Newspaper Publication,30-Jan-2026 14:53:41,2026-01-30 14:53:41,30-Jan-2026 14:53:42,00:00:01,https://nsearchives.nseindia.com/corporate/GHCL_30012026145332_GHCL_Intimation_Newspaper_Advertisement_Q3FY2026.pdf
ULTRACEMCO,UltraTech Cement Limited,Action(s) taken or orders passed,"UltraTech Cement Limited has informed the Exchange about order received from the Assistant Commissioner, State Goods and Services Tax, Trichy, Tamil Nadu",30-Jan-2026 14:53:37,2026-01-30 14:53:37,30-Jan-2026 14:53:38,00:00:01,https://nsearchives.nseindia.com/corporate/ULTRACEMCO1_30012026145328_SE30012026.pdf
ULTRACEMCO,UltraTech Cement Limited,Action(s) taken or orders passed,"UltraTech Cement Limited has informed the Exchange about order received from the Assistant Commissioner, State Goods and Services Tax, Trichy, Tamil Nadu",30-Jan-2026 14:53:37,2026-01-30 14:53:37,30-Jan-2026 14:53:38,00:00:01,https://nsearchives.nseindia.com/corporate/ULTRACEMCO1_30012026145212_SE30012026.pdf
DIGITIDE,Digitide Solutions Limited,Analysts/Institutional Investor Meet/Con. Call Updates,Digitide Solutions Limited has informed the Exchange about Link of Recording,30-Jan-2026 14:51:57,2026-01-30 14:51:57,30-Jan-2026 14:51:58,00:00:01,https://nsearchives.nseindia.com/corporate/DIGITIDE_30012026144807_Digitide_Audiorecording.pdf
INSECTICID,Insecticides (India) Limited,Dividend,"Insecticides (India) Limited has informed the Exchange that Board of Directors at its meeting held on January 30, 2026, declared Interim Dividend of Rs. 2 per equity share.",30-Jan-2026 14:50:53,2026-01-30 14:50:53,30-Jan-2026 14:50:55,00:00:02,https://nsearchives.nseindia.com/corporate/INSECTICID_30012026145026_STXOutcome30012026.pdf
BRIGADE,Brigade Enterprises Limited,Appointment,"Brigade Enterprises Limited has informed the Exchange regarding Appointment of  Mr. Yogesh Patel as Chief Financial Officer of the company w.e.f. February 02, 2026.",30-Jan-2026 14:50:40,2026-01-30 14:50:40,30-Jan-2026 14:50:41,00:00:01,https://nsearchives.nseindia.com/corporate/BRIGADE_30012026144845_Outcome.pdf
GREENPANEL,Greenpanel Industries Limited,Outcome of Board Meeting,"Greenpanel Industries Limited has submitted to the Exchange, the financial results for the period ended December 31, 2025.",30-Jan-2026 14:50:06,2026-01-30 14:50:06,30-Jan-2026 14:50:06,00:00:00,https://nsearchives.nseindia.com/corporate/GREENPANEL_30012026144714_Outcome_20260130.pdf
JBFIND,JBF Industries Limited,Outcome of Board Meeting,"JBF Industries Limited has submitted to the Exchange, the financial results for the period ended December 31, 2025.",30-Jan-2026 14:49:19,2026-01-30 14:49:19,30-Jan-2026 14:49:19,00:00:00,https://nsearchives.nseindia.com/corporate/JBFIND_30012026144605_JBFResultsREG33for31122025.pdf
FIBERWEB,Fiberweb (India) Limited,Outcome of Board Meeting,"Fiberweb (India) Limited has submitted to the Exchange, the financial results for the period ended December 31, 2025.",30-Jan-2026 14:48:05,2026-01-30 14:48:05,30-Jan-2026 14:48:06,00:00:01,https://nsearchives.nseindia.com/corporate/FIBERWEB_30012026144416_FIL.pdf
AMBUJACEM,Ambuja Cements Limited,Statement of deviation(s) or variation(s) under Reg. 32,Ambuja Cements Limited has informed the Exchange about statement of deviation(s) or variation(s) under Reg. 32,30-Jan-2026 14:46:58,2026-01-30 14:46:58,30-Jan-2026 14:46:58,00:00:00,https://nsearchives.nseindia.com/corporate/AMBUJACEM_30012026144632_ACL_StatementofDeviation.pdf
BRIGADE,Brigade Enterprises Limited,Resignation,"Brigade Enterprises Limited has informed the Exchange regarding Resignation of  Mr. Pradyumna Krishna Kumar as Interim Chief Financial Officer of the company w.e.f. February 02, 2026.",30-Jan-2026 14:46:15,2026-01-30 14:46:15,30-Jan-2026 14:46:16,00:00:01,https://nsearchives.nseindia.com/corporate/BRIGADE_30012026144606_Outcome.pdf
HUDCO,Housing & Urban Development Corporation Limited,Copy of Newspaper Publication,Housing & Urban Development Corporation Limited has informed the Exchange about Copy of Newspaper Publication - Financial Results,30-Jan-2026 14:45:57,2026-01-30 14:45:57,30-Jan-2026 14:45:57,00:00:00,https://nsearchives.nseindia.com/corporate/HUDCO_30012026144537_BSENSE_FR_31122025.pdf
DOLPHIN,Dolphin Offshore Enterprises (India) Limited,Copy of Newspaper Publication,Dolphin Offshore Enterprises (India) Limited has informed the Exchange about Copy of Newspaper Publication,30-Jan-2026 14:44:59,2026-01-30 14:44:59,30-Jan-2026 14:45:00,00:00:01,https://nsearchives.nseindia.com/corporate/DOLPHINOFFSHORE_30012026144445_Intimation.pdf
JBFIND,JBF Industries Limited,Outcome of Board Meeting,"JBF Industries Limited has informed the Exchange regarding  Board meeting held on January 30, 2026.",30-Jan-2026 14:44:32,2026-01-30 14:44:32,30-Jan-2026 14:44:33,00:00:01,https://nsearchives.nseindia.com/corporate/JBFIND_30012026144414_JBFResultsREG33for31122025.pdf
AMBUJACEM,Ambuja Cements Limited,Investor Presentation,Ambuja Cements Limited has informed the Exchange about Investor Presentation,30-Jan-2026 14:44:04,2026-01-30 14:44:04,30-Jan-2026 14:44:05,00:00:01,https://nsearchives.nseindia.com/corporate/AMBUJACEM_30012026144348_ACL_Investorepresentation.pdf
AMBUJACEM,Ambuja Cements Limited,Cessation,"Ambuja Cements Limited has informed the Exchange regarding Cessation of Mr. Ajay Kapur as Managing Director of the Company w.e.f. January 31, 2026.",30-Jan-2026 14:41:18,2026-01-30 14:41:18,30-Jan-2026 14:41:20,00:00:02,https://nsearchives.nseindia.com/corporate/AMBUJACEM_30012026144049_ACL_Outcome.pdf
KAYA,Kaya Limited,Shareholders meeting,Kaya Limited has informed the Exchange regarding Notice of Postal Ballot for the change in the objects clause for the utilization of funds raised in the preferential issue ofEquity Shares,30-Jan-2026 14:41:08,2026-01-30 14:41:08,30-Jan-2026 14:41:09,00:00:01,https://nsearchives.nseindia.com/corporate/KAYA_30012026144058_Upload.pdf
BRIGADE,Brigade Enterprises Limited,Press Release,"Brigade Enterprises Limited has informed the Exchange regarding a press release dated January 30, 2026, titled ""Brigade's Q3 FY26 Revenue grows 6% to &#8377;1,623 Crores as compared to Q3 FY25; PAT at &#8377;206 Crores, Quarterly collections at &#8377; 1,760 Crores in Q3 FY26"".",30-Jan-2026 14:40:34,2026-01-30 14:40:34,30-Jan-2026 14:40:35,00:00:01,https://nsearchives.nseindia.com/corporate/BRIGADE_30012026143959_PressRelease30012026.pdf
INSECTICID,Insecticides (India) Limited,Outcome of Board Meeting,"Insecticides (India) Limited has submitted to the Exchange, the financial results for the period ended December 31, 2025.",30-Jan-2026 14:40:23,2026-01-30 14:40:23,30-Jan-2026 14:40:24,00:00:01,https://nsearchives.nseindia.com/corporate/INSECTICID_30012026143811_STXOutcome30012026.pdf
AMBUJACEM,Ambuja Cements Limited,Change in Management,Ambuja Cements Limited has informed the Exchange about change in Management,30-Jan-2026 14:38:01,2026-01-30 14:38:01,30-Jan-2026 14:38:02,00:00:01,https://nsearchives.nseindia.com/corporate/AMBUJACEM_30012026143638_ACL_Outcome.pdf
PNBGILTS,PNB Gilts Limited,Appointment,"PNB GILTS LTD. has informed the Exchange regarding Appointment of Mr Bibhu Prasad Mahapatra as  an Additional Director (Non-Executive & Non-Independent) of the company w.e.f. January 29, 2026.",30-Jan-2026 14:36:50,2026-01-30 14:36:50,30-Jan-2026 14:36:51,00:00:01,https://nsearchives.nseindia.com/corporate/PNBGILTSSB_30012026143637_STXRBIAPPROVAL.pdf
EPIGRAL,Epigral Limited,Investor Presentation,Epigral Limited has informed the Exchange about Investor Presentation,30-Jan-2026 14:36:44,2026-01-30 14:36:44,30-Jan-2026 14:36:45,00:00:01,https://nsearchives.nseindia.com/corporate/MFL_30012026143637_EpigralEarnPrest31122025.pdf
AIAENG,AIA Engineering Limited,Investor Presentation,AIA Engineering Limited has informed the Exchange about Investor Presentation,30-Jan-2026 14:36:24,2026-01-30 14:36:24,30-Jan-2026 14:36:25,00:00:01,https://nsearchives.nseindia.com/corporate/AIAENG_30012026143603_SubmissionofInvestorPresentation300126.pdf
SYSTMTXC,Systematix Corporate Services Limited,Acquisition,Systematix Corporate Services Limited has informed the Exchange about Acquisition,30-Jan-2026 14:35:29,2026-01-30 14:35:29,30-Jan-2026 14:35:30,00:00:01,https://nsearchives.nseindia.com/corporate/SYSTMTXC_30012026143456_SCSLIntimationunderReg_3030012026.pdf
EPIGRAL,Epigral Limited,Press Release,"Epigral Limited has informed the Exchange regarding a press release dated January 30, 2026, titled ""Press Release on Un-Audited Financial Results   Q3 FY26"".",30-Jan-2026 14:35:28,2026-01-30 14:35:28,30-Jan-2026 14:35:29,00:00:01,https://nsearchives.nseindia.com/corporate/MFL_30012026143516_EpigralPressRe31122025.pdf
AMBUJACEM,Ambuja Cements Limited,Press Release,"Ambuja Cements Limited has informed the Exchange regarding a press release dated January 30, 2026, titled ""Ambuja Cements Posts Strong Q3 FY26 Performance"".",30-Jan-2026 14:34:09,2026-01-30 14:34:09,30-Jan-2026 14:34:10,00:00:01,https://nsearchives.nseindia.com/corporate/AMBUJACEM_30012026143355_ACL_Media_Release.pdf
EPIGRAL,Epigral Limited,Outcome of Board Meeting,"Epigral Limited has informed the Exchange regarding  Board meeting held on January 30, 2026.",30-Jan-2026 14:33:48,2026-01-30 14:33:48,30-Jan-2026 14:33:49,00:00:01,https://nsearchives.nseindia.com/corporate/MFL_30012026143338_Outcome.pdf
CAPITALSFB,Capital Small Finance Bank Limited,Copy of Newspaper Publication,Capital Small Finance Bank Limited has informed the Exchange about Copy of Newspaper Publication,30-Jan-2026 14:32:57,2026-01-30 14:32:57,30-Jan-2026 14:32:58,00:00:01,https://nsearchives.nseindia.com/corporate/CAPITALSFB_30012026143250_Initmationofnewspapaersigned.pdf
NESTLEIND,Nestle India Limited,Press Release,"Nestle India Limited has informed the Exchange regarding a press release dated January 30, 2026, titled ""Strong Double-Digit Sales Growth and Record Turnover Mark SuccessfulQuarter for Nestlé India"".",30-Jan-2026 14:32:54,2026-01-30 14:32:54,30-Jan-2026 14:32:55,00:00:01,https://nsearchives.nseindia.com/corporate/NESTLEIND1_30012026143213_BSENSEOutcomeResults30012026signed.pdf
DABUR,Dabur India Limited,Copy of Newspaper Publication,Dabur India Limited has informed the Exchange about copy of Newspaper Publication of Unaudited Financial Results for the quarter and nine months ended December 31 2025,30-Jan-2026 14:32:43,2026-01-30 14:32:43,30-Jan-2026 14:32:43,00:00:00,https://nsearchives.nseindia.com/corporate/DABURU_30012026143216_intiamtionofnewspaper.pdf
ONWARDTEC,Onward Technologies Limited,Allotment of Securities,"Onward Technologies Limited has informed the Exchange regarding allotment of 7400 securities pursuant to ESOP/ESPS at its meeting held on January 30, 2026",30-Jan-2026 14:30:44,2026-01-30 14:30:44,30-Jan-2026 14:30:44,00:00:00,https://nsearchives.nseindia.com/corporate/MD11015_30012026143028_OTL__Intimation_to_Stock_Exchanges.pdf
AMBUJACEM,Ambuja Cements Limited,Outcome of Board Meeting,"Ambuja Cements Limited has submitted to the Exchange, the unaudited financial results of the Company for the quarter and nine months ended on 31st December 2025.",30-Jan-2026 14:30:39,2026-01-30 14:30:39,30-Jan-2026 14:30:39,00:00:00,https://nsearchives.nseindia.com/corporate/AMBUJACEM_30012026142919_ACL_Outcome.pdf
NESTLEIND,Nestle India Limited,General Updates,"Nestle India Limited has informed the Exchange that Board of Directors approved (in-principle) investments in two special purpose vehicles (SPVs), subject to customary closing conditions, for establishing captive renewable energy power plants",30-Jan-2026 14:30:32,2026-01-30 14:30:32,30-Jan-2026 14:30:33,00:00:01,https://nsearchives.nseindia.com/corporate/NESTLEIND1_30012026143006_BSENSEOutcomeResults30012026signed.pdf
BRIGADE,Brigade Enterprises Limited,Investor Presentation,Brigade Enterprises Limited has informed the Exchange about Investor Presentation,30-Jan-2026 14:29:57,2026-01-30 14:29:57,30-Jan-2026 14:29:58,00:00:01,https://nsearchives.nseindia.com/corporate/BRIGADE_30012026142929_InvestorsPPT.pdf
BHARATRAS,Bharat Rasayan Limited,Trading Window,"Bharat Rasayan Limited has informed the Exchange regarding the Trading Window closure pursuant to SEBI (Prohibition of Insider Trading) Regulations, 2015",30-Jan-2026 14:29:43,2026-01-30 14:29:43,30-Jan-2026 14:29:44,00:00:01,https://nsearchives.nseindia.com/corporate/BHARATRAS_30012026142919_INTIMATION_LETTER_30012026__BHARATRAS.pdf
EPIGRAL,Epigral Limited,Outcome of Board Meeting,"Epigral Limited has submitted to the Exchange, the financial results for the period ended December 31, 2025.",30-Jan-2026 14:27:53,2026-01-30 14:27:53,30-Jan-2026 14:27:54,00:00:01,https://nsearchives.nseindia.com/corporate/MFL_30012026142637_Outcome.pdf
SHADOWFAX,Shadowfax Technologies Limited,Updates,"Shadowfax Technologies Limited has informed the Exchange regarding 'Intimation under Regulation 8(2) of the Securities Exchange Board of India (Prohibition of Insider Trading) Regulations, 2015-Code of Practices and Procedures for fair disclosure of Unpublished Price Sensitive Information",30-Jan-2026 14:25:41,2026-01-30 14:25:41,30-Jan-2026 14:25:42,00:00:01,https://nsearchives.nseindia.com/corporate/9900590024_29012026212804_PITIntimation_8_2__.pdf
POWERMECH,Power Mech Projects Limited,Monitoring Agency Report,"Monitoring Agency Report for the quarter ended December 31, 2025",30-Jan-2026 14:24:32,2026-01-30 14:24:32,30-Jan-2026 14:24:33,00:00:01,https://nsearchives.nseindia.com/corporate/POWERMECH_30012026142426_Covering_letter_M.pdf
JBMA,JBM Auto Limited,Outcome of Board Meeting,"JBM Auto Limited has submitted the outcome of Board Meeting to the Exchange regarding  Board meeting held on January 30, 2026.",30-Jan-2026 14:24:20,2026-01-30 14:24:20,30-Jan-2026 14:24:21,00:00:01,https://nsearchives.nseindia.com/corporate/JBMA_30012026142245_Financial_Results_.pdf
SAMBHAAV,Sambhaav Media Limited,Shareholders meeting,Sambhaav Media Limited has informed the Exchange regarding Notice of Postal Ballot,30-Jan-2026 14:23:59,2026-01-30 14:23:59,30-Jan-2026 14:24:00,00:00:01,https://nsearchives.nseindia.com/corporate/SAMBHAAV_30012026142246_Intimation_of_Postal_Ballot_Notice.pdf
PGHH,Procter & Gamble Hygiene and Health Care Limited,Press Release,"Procter & Gamble Hygiene and Health Care Limited has informed regarding ""Press Release for the quarter ended December 31, 2025"".",30-Jan-2026 14:23:40,2026-01-30 14:23:40,30-Jan-2026 14:23:40,00:00:00,https://nsearchives.nseindia.com/corporate/PGHH_30012026142238_PGHH_PressRelease_30012026.pdf
SYRMA,Syrma SGS Technology Limited,Monitoring Agency Report,"Report of the Monitoring Agency under Regulation 41 (4) of the Securities and Exchange Board of India (Issue of Capital and Disclosure Requirements) Regulations, 2018",30-Jan-2026 14:22:21,2026-01-30 14:22:21,30-Jan-2026 14:22:22,00:00:01,https://nsearchives.nseindia.com/corporate/SYRMASGS_30012026142209_MonitoringagencyreportQIPDecember312025Signed.pdf
NESTLEIND,Nestle India Limited,Change in Management,"Nestle India Limited has informed the Exchange about: a) appointment of Mr. Edouard Dominique Jean Mac Nab as an Additional Director and Whole-time Director (KMP); b) recommended to the members the appointment of Mr. Jagdeep Singh Marahar, as a Whole-time Director (KMP) w.e.f. 1st June 2026, and appointment of Mr. Jagdeep Singh Marahar as Head of Technical (KMP) w.e.f. 1st May 2026; and c) recommended to the members the appointment of Mr. Mandeep Singh Chhatwal as Non-Executive Directors w.e.f. 1st January 2026.",30-Jan-2026 14:20:14,2026-01-30 14:20:14,30-Jan-2026 14:20:15,00:00:01,https://nsearchives.nseindia.com/corporate/NESTLEIND1_30012026141052_BSENSEOutcomeResults30012026signed.pdf
SIS,SIS LIMITED,General Updates,"SIS Limited has informed the Exchange about revised Earning Update for the quarter ended December 31, 2025.",30-Jan-2026 14:19:54,2026-01-30 14:19:54,30-Jan-2026 14:19:54,00:00:00,https://nsearchives.nseindia.com/corporate/SIS_30012026141935_Intimation.pdf
PGHH,Procter & Gamble Hygiene and Health Care Limited,Dividend,"Procter & Gamble Hygiene and Health Care Limited has informed the Exchange that Board of Directors at its meeting held on January 30, 2026, declared Interim Dividend of Rs. 195 per equity share.",30-Jan-2026 14:18:50,2026-01-30 14:18:50,30-Jan-2026 14:18:51,00:00:01,https://nsearchives.nseindia.com/corporate/PGHH_30012026141813_PGHH_OutcomeofBoardMeeting_30012026.pdf
JBMA,JBM Auto Limited,Outcome of Board Meeting,"JBM Auto Limited has submitted to the Exchange, the financial results (Standalone & Consolidated) for the period and quarter ended December 31, 2025.",30-Jan-2026 14:17:09,2026-01-30 14:17:09,30-Jan-2026 14:17:11,00:00:02,https://nsearchives.nseindia.com/corporate/JBMA_30012026141608_Financial_Results_.pdf
PGHH,Procter & Gamble Hygiene and Health Care Limited,Record Date,Procter & Gamble Hygiene and Health Care Limited has informed the Exchange that Record date for the purpose of Dividend  is 05-Feb-2026.,30-Jan-2026 14:15:46,2026-01-30 14:15:46,30-Jan-2026 14:15:47,00:00:01,https://nsearchives.nseindia.com/corporate/PGHH_30012026141426_PGHH_OutcomeofBoardMeeting_30012026.pdf
BRIGADE,Brigade Enterprises Limited,Outcome of Board Meeting,"Brigade Enterprises Limited has submitted to the Exchange, the financial results for the period ended December 31, 2025.",30-Jan-2026 14:15:01,2026-01-30 14:15:01,30-Jan-2026 14:15:02,00:00:01,https://nsearchives.nseindia.com/corporate/BRIGADE_30012026140728_Results.pdf
KROSS,Kross Limited,Analysts/Institutional Investor Meet/Con. Call Updates,Kross Limited has informed the Exchange about the audio recording of the post earning call with Investor / Analysts held on 30th January 2026 for the quarter and nine months ended on 31st December 2025 is submitted,30-Jan-2026 14:13:57,2026-01-30 14:13:57,30-Jan-2026 14:13:58,00:00:01,https://nsearchives.nseindia.com/corporate/8910457293_30012026141334_Reg_30_30012026_Outcome_Audio.pdf
PGHH,Procter & Gamble Hygiene and Health Care Limited,Dividend,"Procter & Gamble Hygiene and Health Care Limited has informed the Exchange that Board of Directors at its meeting held on January 30, 2026, declared Interim Dividend of 195 per equity share.",30-Jan-2026 14:13:47,2026-01-30 14:13:47,30-Jan-2026 14:13:49,00:00:02,https://nsearchives.nseindia.com/corporate/PGHH_30012026141329_PGHH_OutcomeofBoardMeeting_30012026.pdf
THOMASCOOK,Thomas Cook  (India)  Limited,Press Release,"Thomas Cook  (India)  Limited has informed the Exchange regarding a press release of M/s. Sterling Holiday Resorts Limited, wholly owned subsidiary of M/s. Thomas Cook (India) Limited dated January 30, 2026, titled ""Sterling Announces Arka Suites Puri, an All-Suite Boutique Addition to Its Flagship Puri Resort"".",30-Jan-2026 14:12:58,2026-01-30 14:12:58,30-Jan-2026 14:12:59,00:00:01,https://nsearchives.nseindia.com/corporate/THOMASCOOK_30012026140825_Press_Release_Sterling_Arka_Suites_Puri.pdf
SUZLON,Suzlon Energy Limited,Analysts/Institutional Investor Meet/Con. Call Updates,Suzlon Energy Limited has informed the Exchange about Schedule of meet,30-Jan-2026 14:12:16,2026-01-30 14:12:16,30-Jan-2026 14:12:17,00:00:01,https://nsearchives.nseindia.com/corporate/SUZLON1_30012026141119_Suzlon30012026.pdf
HINDPETRO,Hindustan Petroleum Corporation Limited,General Updates,Hindustan Petroleum Corporation Limited has informed the Exchange about HPCL and Thermax collaboration for Clean and New Energy Technologies,30-Jan-2026 14:12:00,2026-01-30 14:12:00,30-Jan-2026 14:12:01,00:00:01,https://nsearchives.nseindia.com/corporate/HINDPETRO1_30012026141143_HPCLThermax.pdf
WALCHANNAG,Walchandnagar Industries Limited,Copy of Newspaper Publication,Walchandnagar Industries Limited has informed the Exchange about Copy of Newspaper Publication,30-Jan-2026 14:10:33,2026-01-30 14:10:33,30-Jan-2026 14:10:33,00:00:00,https://nsearchives.nseindia.com/corporate/WALCHANNAG_30012026141022_WIL_-_January_Newspaper_Cover_letter.pdf
UFBL,United Foodbrands Limited,Investor Presentation,United Foodbrands Limited has informed the Exchange about Investor Presentation,30-Jan-2026 14:10:13,2026-01-30 14:10:13,30-Jan-2026 14:10:14,00:00:01,https://nsearchives.nseindia.com/corporate/BARBEQUE_30012026140909_EarningsPresentation.pdf
OLAELEC,Ola Electric Mobility Limited,Copy of Newspaper Publication,Ola Electric Mobility Limited has informed the Exchange about Copy of Newspaper Publication,30-Jan-2026 14:10:01,2026-01-30 14:10:01,30-Jan-2026 14:10:02,00:00:01,https://nsearchives.nseindia.com/corporate/OLAELECTRIC_30012026140951_Intimation_Newspaper_Publication_OEM.pdf
PGHH,Procter & Gamble Hygiene and Health Care Limited,Outcome of Board Meeting,"Procter & Gamble Hygiene and Health Care Limited has submitted to the Exchange, the financial results for the period ended December 31, 2025.",30-Jan-2026 14:09:57,2026-01-30 14:09:57,30-Jan-2026 14:09:58,00:00:01,https://nsearchives.nseindia.com/corporate/PGHH_30012026140331_PGHH_OutcomeofBoardMeeting_31012026.pdf
KSB,Ksb Limited,General Updates,Annual Disclosure Of Not Being A Large Corporate.,30-Jan-2026 14:08:03,2026-01-30 14:08:03,30-Jan-2026 14:08:04,00:00:01,https://nsearchives.nseindia.com/corporate/KSB_30012026140753_KSB_Intimation_Large_Corporate_signed.pdf
COROMANDEL,Coromandel International Limited,Analysts/Institutional Investor Meet/Con. Call Updates,"Coromandel International Limited has informed the Exchange about Schedule of meet and rescheduled from January 30, 2026 to February 2, 2026",30-Jan-2026 14:05:14,2026-01-30 14:05:14,30-Jan-2026 14:05:15,00:00:01,https://nsearchives.nseindia.com/corporate/COROMANDELINT_30012026140240_SE_Intimation_Investor_Concall_Rescheduled_SD.pdf
NESTLEIND,Nestle India Limited,Appointment,"Nestle India Limited has informed the Exchange regarding Appointment of Mr Edouard Dominique Jean Mac Nab as Executive Director of the company w.e.f. March 01, 2026.",30-Jan-2026 14:04:57,2026-01-30 14:04:57,30-Jan-2026 14:04:58,00:00:01,https://nsearchives.nseindia.com/corporate/NESTLEIND1_30012026135811_BSENSEOutcomeResults30012026signed.pdf
NESTLEIND,Nestle India Limited,Appointment,"Nestle India Limited has informed the Exchange regarding Appointment of Mr Edouard Dominique Jean Mac Nab as Chief Financial Officer of the company w.e.f. March 01, 2026.",30-Jan-2026 14:04:57,2026-01-30 14:04:57,30-Jan-2026 14:04:58,00:00:01,https://nsearchives.nseindia.com/corporate/NESTLEIND1_30012026140406_BSENSEOutcomeResults30012026signed.pdf
NILASPACES,Nila Spaces Limited,Updates,Nila Spaces Limited has informed the Exchange regarding 'Comment of the Management on Financial & Operational Performance'.,30-Jan-2026 14:03:56,2026-01-30 14:03:56,30-Jan-2026 14:03:57,00:00:01,https://nsearchives.nseindia.com/corporate/NILASPACES_30012026140320_542231Update.pdf
SPARC,Sun Pharma Advanced Research Company Limited,Copy of Newspaper Publication,Sun Pharma Advanced Research Company Limited has informed the Exchange about Copy of Newspaper Publication for Corrigendum to the Notice of Extra Ordinary General Meeting of the Company,30-Jan-2026 14:03:46,2026-01-30 14:03:46,30-Jan-2026 14:03:46,00:00:00,https://nsearchives.nseindia.com/corporate/SPARC_30012026140332_IntimationNewspaper30012026.pdf
ASAHISONG,Asahi Songwon Colors Limited,Copy of Newspaper Publication,Asahi Songwon Colors Limited has informed the Exchange about Copy of Newspaper Publication,30-Jan-2026 14:03:16,2026-01-30 14:03:16,30-Jan-2026 14:03:16,00:00:00,https://nsearchives.nseindia.com/corporate/ASAHISONG_30012026140259_asahisongwonnewspapercutting.pdf
UFBL,United Foodbrands Limited,Outcome of Board Meeting,"United Foodbrands Limited has informed the Exchange regarding Outcome of Board Meeting held on January 30, 2026.",30-Jan-2026 14:02:36,2026-01-30 14:02:36,30-Jan-2026 14:02:36,00:00:00,https://nsearchives.nseindia.com/corporate/BARBEQUE_30012026140116_OutcomeOfBM.pdf
MOTHERSON,Samvardhana Motherson International Limited,General Updates,Samvardhana Motherson International Limited has informed the Stock Exchange regarding update on acquisition.,30-Jan-2026 14:01:53,2026-01-30 14:01:53,30-Jan-2026 14:01:53,00:00:00,https://nsearchives.nseindia.com/corporate/MOTHERSON_30012026140037_SE_Disclosure_Update_of_Acquisition.pdf
TMCV,Tata Motors Limited,Analysts/Institutional Investor Meet/Con. Call Updates,Tata Motors Limited has informed the Exchange about Schedule of meet,30-Jan-2026 14:00:28,2026-01-30 14:00:28,30-Jan-2026 14:00:29,00:00:01,https://nsearchives.nseindia.com/corporate/TMLCOMMERCIAL_30012026140021_NSEBSELetterReg30AnalystMeet.pdf
ODIGMA,Odigma Consultancy Solutions Limited,Address Change,Odigma Consultancy Solutions Limited has informed the Exchange regarding change in Registered Office of the company.,30-Jan-2026 13:58:49,2026-01-30 13:58:49,30-Jan-2026 13:58:50,00:00:01,https://nsearchives.nseindia.com/corporate/ODIGMA_30012026135838_OdigmaOutcomeofBM30012026.pdf
UFBL,United Foodbrands Limited,Outcome of Board Meeting,"United Foodbrands Limited has submitted to the Exchange, the financial results for the period ended December 31, 2025.",30-Jan-2026 13:58:30,2026-01-30 13:58:30,30-Jan-2026 13:58:31,00:00:01,https://nsearchives.nseindia.com/corporate/BARBEQUE_30012026135543_OutcomeOfBM.pdf
SHARDACROP,Sharda Cropchem Limited,Copy of Newspaper Publication,Sharda Cropchem Limited has informed the Exchange about Copy of Newspaper Publication,30-Jan-2026 13:57:58,2026-01-30 13:57:58,30-Jan-2026 13:57:59,00:00:01,https://nsearchives.nseindia.com/corporate/SHARDACROP_30012026135748_NSE.pdf
ODIGMA,Odigma Consultancy Solutions Limited,Appointment,"Odigma Consultancy Solutions Limited has informed the Exchange regarding Re-appointment of Mr. Mathew Jose (DIN: 08781735) as Managing Director of the company w.e.f. May 29, 2026.",30-Jan-2026 13:57:41,2026-01-30 13:57:41,30-Jan-2026 13:57:42,00:00:01,https://nsearchives.nseindia.com/corporate/ODIGMA_30012026135727_OdigmaOutcomeofBM30012026.pdf
EXIDEIND,Exide Industries Limited,Press Release,"Exide Industries Limited has informed the Exchange regarding a press release dated January 30, 2026, titled ""For Q3 FY26, Revenue grew 4.7% on YoY basis and PBT grew 5.6%, buoyed by strong growthin replacement and auto OEM market"".",30-Jan-2026 13:57:40,2026-01-30 13:57:40,30-Jan-2026 13:57:41,00:00:01,https://nsearchives.nseindia.com/corporate/EXIDEIND_30012026135710_sdOUTCOMEBMJAN2026.pdf
FABTECH,Fabtech Technologies Limited,Analysts/Institutional Investor Meet/Con. Call Updates,Fabtech Technologies Limited has informed the Exchange about Schedule of meet,30-Jan-2026 13:56:49,2026-01-30 13:56:49,30-Jan-2026 13:56:50,00:00:01,https://nsearchives.nseindia.com/corporate/FABTECH_30012026135446_FTL_Prior_Intimation_Signed.pdf
WELCORP,Welspun Corp Limited,Outcome of Board Meeting,"Welspun Corp Limited has submitted to the Exchange, the financial results for the period ended December 31, 2025.",30-Jan-2026 13:54:49,2026-01-30 13:54:49,30-Jan-2026 13:54:51,00:00:02,https://nsearchives.nseindia.com/corporate/WELCORP_30012026135418_FinalOutcomeResult31122025.pdf
NESTLEIND,Nestle India Limited,Dividend,"Nestle India Limited has informed the Exchange that Board of Directors at its meeting held on January 30, 2026, declared Interim Dividend of Rs. 7 per equity share.",30-Jan-2026 13:52:36,2026-01-30 13:52:36,30-Jan-2026 13:52:37,00:00:01,https://nsearchives.nseindia.com/corporate/NESTLEIND1_30012026135218_BSENSEOutcomeResults30012026signed.pdf
NILASPACES,Nila Spaces Limited,Acquisition,Nila Spaces Limited has informed the Exchange about Acquisition,30-Jan-2026 13:52:31,2026-01-30 13:52:31,30-Jan-2026 13:52:32,00:00:01,https://nsearchives.nseindia.com/corporate/NILASPACES_30012026135111_542231OutcomeBMResults30012026.pdf
NESTLEIND,Nestle India Limited,Outcome of Board Meeting,"Nestle India Limited has submitted to the Exchange, the unaudited financial results (standalone and consolidated) for third quarter and nine months ended 31st December 2025.",30-Jan-2026 13:50:52,2026-01-30 13:50:52,30-Jan-2026 13:50:53,00:00:01,https://nsearchives.nseindia.com/corporate/NESTLEIND1_30012026134958_BSENSEOutcomeResults30012026signed.pdf
ODIGMA,Odigma Consultancy Solutions Limited,Outcome of Board Meeting,"Odigma Consultancy Solutions Limited has informed the Exchange regarding Outcome of Board Meeting held on January 30, 2026.",30-Jan-2026 13:49:44,2026-01-30 13:49:44,30-Jan-2026 13:49:44,00:00:00,https://nsearchives.nseindia.com/corporate/ODIGMA_30012026134914_OdigmaOutcomeofBM30012026.pdf
PONNIERODE,Ponni Sugars (Erode) Limited,Outcome of Board Meeting,"Ponni Sugars (Erode) Limited has submitted to the Exchange, the Unaudited Financial Results for the quarter and nine months ended December 31, 2025.",30-Jan-2026 13:49:21,2026-01-30 13:49:21,30-Jan-2026 13:49:22,00:00:01,https://nsearchives.nseindia.com/corporate/PONNIERODE_30012026134632_PonniSugarsUFR31122025.pdf
EXIDEIND,Exide Industries Limited,Outcome of Board Meeting,"Exide Industries Limited has informed the Exchange regarding  Board meeting held on January 30, 2026.",30-Jan-2026 13:49:03,2026-01-30 13:49:03,30-Jan-2026 13:49:04,00:00:01,https://nsearchives.nseindia.com/corporate/EXIDEIND_30012026134842_sdOUTCOMEBMJAN2026.pdf
ASHOKAMET,Ashoka Metcast Limited,Amendment to AOA/MOA,Ashoka Metcast Limited has informed the Exchange regarding the Amendment to AOA/MOA of the company.,30-Jan-2026 13:48:49,2026-01-30 13:48:49,30-Jan-2026 13:48:50,00:00:01,https://nsearchives.nseindia.com/corporate/AML_30012026134628_Reg30MOAchangeobject30012026.pdf
NILASPACES,Nila Spaces Limited,Outcome of Board Meeting,"Nila Spaces Limited has informed the Exchange regarding  Board meeting held on January 30, 2026.",30-Jan-2026 13:47:42,2026-01-30 13:47:42,30-Jan-2026 13:47:43,00:00:01,https://nsearchives.nseindia.com/corporate/NILASPACES_30012026134721_542231OutcomeBMResults30012026.pdf
NIITLTD,NIIT Limited,Investor Presentation,NIIT Limited has informed the Exchange about Investor Presentation,30-Jan-2026 13:46:45,2026-01-30 13:46:45,30-Jan-2026 13:46:46,00:00:01,https://nsearchives.nseindia.com/corporate/NIITLTD_30012026134628_StxPresentation.pdf
NILASPACES,Nila Spaces Limited,Outcome of Board Meeting,"Nila Spaces Limited has submitted to the Exchange, the financial results for the period ended December 31, 2025.",30-Jan-2026 13:46:41,2026-01-30 13:46:41,30-Jan-2026 13:46:42,00:00:01,https://nsearchives.nseindia.com/corporate/NILASPACES_30012026134538_542231OutcomeBMResults30012026.pdf
BALAMINES,Balaji Amines Limited,Copy of Newspaper Publication,Balaji Amines Limited has informed the Exchange about Copy of Newspaper Publication,30-Jan-2026 13:45:07,2026-01-30 13:45:07,30-Jan-2026 13:45:08,00:00:01,https://nsearchives.nseindia.com/corporate/BALAMINES_30012026134457_Newspaper_advertisement_Signed.pdf
MASKINVEST,Mask Investments Limited,Shareholders meeting,"Mask Investments Limited has informed the Exchange regarding Notice of Extraordinary General Meeting to be held on February 23, 2026 at 11:30 A.M. (IST) at the registered office of the Company",30-Jan-2026 13:43:57,2026-01-30 13:43:57,30-Jan-2026 13:43:58,00:00:01,https://nsearchives.nseindia.com/corporate/MASKINVEST_30012026134330_300126NSEIntimationofEOGM.pdf
ODIGMA,Odigma Consultancy Solutions Limited,Outcome of Board Meeting,"Odigma Consultancy Solutions Limited has submitted to the Exchange, the financial results for the period ended December 31, 2025.",30-Jan-2026 13:43:48,2026-01-30 13:43:48,30-Jan-2026 13:43:49,00:00:01,https://nsearchives.nseindia.com/corporate/ODIGMA_30012026134225_OdigmaOutcomeofBM30012026.pdf
ASHOKAMET,Ashoka Metcast Limited,Outcome of Board Meeting,"Ashoka Metcast Limited has informed the Exchange regarding  Board meeting held on January 30, 2026.",30-Jan-2026 13:43:26,2026-01-30 13:43:26,30-Jan-2026 13:43:27,00:00:01,https://nsearchives.nseindia.com/corporate/AML_30012026134116_AMLBDLOUTCOME30012026.pdf
ASAHIINDIA,Asahi India Glass Limited,Outcome of Board Meeting,"Asahi India Glass Limited has informed the Exchange regarding the outcome of Board meeting held on January 30, 2026.",30-Jan-2026 13:42:27,2026-01-30 13:42:27,30-Jan-2026 13:42:28,00:00:01,https://nsearchives.nseindia.com/corporate/ASAHIINDIA_30012026134156_MR.pdf
EXIDEIND,Exide Industries Limited,Outcome of Board Meeting,"Exide Industries Limited has submitted to the Exchange, the financial results for the period ended December 31, 2025.",30-Jan-2026 13:42:08,2026-01-30 13:42:08,30-Jan-2026 13:42:09,00:00:01,https://nsearchives.nseindia.com/corporate/EXIDEIND_30012026134154_sdOUTCOMEBMJAN2026.pdf
LALPATHLAB,Dr. Lal Path Labs Ltd.,Press Release,"Dr. Lal Path Labs Ltd. has informed the Exchange regarding a press release dated January 30, 2026, titled ""Press Release on the Un-audited Financial Results (Consolidated and Standalone) for the Quarter & Nine Months ended December 31, 2025"".",30-Jan-2026 13:41:46,2026-01-30 13:41:46,30-Jan-2026 13:41:48,00:00:02,https://nsearchives.nseindia.com/corporate/LALPATHLAB_30012026134127_FINALpressRelease.pdf
SCHAND,S Chand And Company Limited,Acquisition,"S Chand And Company Limited has informed the Exchange about Completion of Acquisition of 100% stake in CPD Singapore Education Pte. Limited by New Saraswati House (India) Private Limited, a wholly owned material Subsidiary of the Company",30-Jan-2026 13:41:06,2026-01-30 13:41:06,30-Jan-2026 13:41:06,00:00:00,https://nsearchives.nseindia.com/corporate/SCHAND_30012026134035_DisclosureAcqisitionCPD30012026.pdf
JARO,Jaro Institute of Technology Management and Research Limited,Investor Presentation,Jaro Institute of Technology Management and Research Limited has informed the Exchange about Investor Presentation,30-Jan-2026 13:40:51,2026-01-30 13:40:51,30-Jan-2026 13:40:52,00:00:01,https://nsearchives.nseindia.com/corporate/JARO2024_30012026134036_Covering_Reg_30_Investor_Presentation.pdf
PSPPROJECT,PSP Projects Limited,Investor Presentation,PSP Projects Limited has informed the Exchange about Investor Presentation,30-Jan-2026 13:39:44,2026-01-30 13:39:44,30-Jan-2026 13:39:46,00:00:02,https://nsearchives.nseindia.com/corporate/PSPPROJECT_30012026133921_20260130_Investor_Presentation_76.pdf
PAKKA,PAKKA LIMITED,Outcome of Board Meeting,"PAKKA LIMITED has submitted to the Exchange, the financial results for the period ended December 31, 2025.",30-Jan-2026 13:39:24,2026-01-30 13:39:24,30-Jan-2026 13:39:24,00:00:00,https://nsearchives.nseindia.com/corporate/yashpakka_30012026133909_BM_Outcome_30012026.pdf
SVLL,Shree Vasu Logistics Limited,Resignation,"Shree Vasu Logistics Limited has informed the Exchange regarding Resignation of Mr Anil Kumar Katre as Chief Financial Officer of the company w.e.f. closing of office hours of January 30, 2026.",30-Jan-2026 13:39:15,2026-01-30 13:39:15,30-Jan-2026 13:39:16,00:00:01,https://nsearchives.nseindia.com/corporate/SVLL_30012026133826_Svll.pdf
LALPATHLAB,Dr. Lal Path Labs Ltd.,Investor Presentation,Dr. Lal Path Labs Ltd. has informed the Exchange about Investor Presentation,30-Jan-2026 13:39:13,2026-01-30 13:39:13,30-Jan-2026 13:39:14,00:00:01,https://nsearchives.nseindia.com/corporate/LALPATHLAB_30012026133826_FINALpresentation.pdf
ASAHIINDIA,Asahi India Glass Limited,Monitoring Agency Report,"Monitoring Agency Report for the quarter ended 31st December, 2025.",30-Jan-2026 13:37:56,2026-01-30 13:37:56,30-Jan-2026 13:37:57,00:00:01,https://nsearchives.nseindia.com/corporate/ASAHIINDIA_30012026133744_Monitoring_Agency_Report_sd.pdf
JARO,Jaro Institute of Technology Management and Research Limited,Updates,Jaro Institute of Technology Management and Research Limited has informed the Exchange regarding 'Investor Presentation'.,30-Jan-2026 13:36:13,2026-01-30 13:36:13,30-Jan-2026 13:36:14,00:00:01,https://nsearchives.nseindia.com/corporate/JARO2024_30012026133559_Covering_Reg_30_Investor_Presentation.pdf
AIAENG,AIA Engineering Limited,Outcome of Board Meeting,"AIA Engineering Limited has informed the Exchange regarding  Outcome of Board Meeting and submission of Unaudited Financial Results for the Quarter/Nine Months ended December 31, 2025 and appointment of Mr. Nitin Chandrashanker Shukla as an Additional Director (Non-Executive- Independent)  of the Company.",30-Jan-2026 13:35:36,2026-01-30 13:35:36,30-Jan-2026 13:35:37,00:00:01,https://nsearchives.nseindia.com/corporate/AIAENG_30012026133512_Results.pdf
BALAMINES,Balaji Amines Limited,Investor Presentation,Balaji Amines Limited has informed the Exchange about Investor Presentation,30-Jan-2026 13:34:43,2026-01-30 13:34:43,30-Jan-2026 13:34:44,00:00:01,https://nsearchives.nseindia.com/corporate/BALAMINES_30012026133435_Investor__Presentation_Signed.pdf
NMDC,NMDC Limited,Rumour Verification - Regulation 30(11),NMDC Limited has informed the Exchange about Rumour Verification - Regulation 30(11),30-Jan-2026 13:34:41,2026-01-30 13:34:41,30-Jan-2026 13:34:42,00:00:01,https://nsearchives.nseindia.com/corporate/NMDC_30012026133422_20260130_SEA2025073_RV.pdf
ASAHIINDIA,Asahi India Glass Limited,Outcome of Board Meeting,"Asahi India Glass Limited has submitted to the Exchange, the financial results for the period ended December 31, 2025.",30-Jan-2026 13:29:10,2026-01-30 13:29:10,30-Jan-2026 13:29:10,00:00:00,https://nsearchives.nseindia.com/corporate/ASAHIINDIA_30012026132800_MR.pdf
AIAENG,AIA Engineering Limited,Appointment,"AIA Engineering Limited has informed the Exchange regarding Appointment of  Mr. Nitin Chandrashanker Shukla as an Additional (Non- Executive Independent) Director of the company w.e.f. January 30, 2026.",30-Jan-2026 13:29:03,2026-01-30 13:29:03,30-Jan-2026 13:29:04,00:00:01,https://nsearchives.nseindia.com/corporate/AIAENG_30012026132841_Results.pdf
LALPATHLAB,Dr. Lal Path Labs Ltd.,Record Date,Dr. Lal Path Labs Ltd. has informed the Exchange that Record date for the purpose of Dividend  is 05-Feb-2026.,30-Jan-2026 13:27:37,2026-01-30 13:27:37,30-Jan-2026 13:27:39,00:00:02,https://nsearchives.nseindia.com/corporate/LALPATHLAB_30012026132710_FINALoutcomeJan2026.pdf
WORTHPERI,Worth Peripherals Limited,Copy of Newspaper Publication,"Worth Peripherals Limited has informed the Exchange about Copy of Newspaper Publication of Un-Audited Financial Results for the Quarter and Nine Months ended December 31, 2025",30-Jan-2026 13:26:50,2026-01-30 13:26:50,30-Jan-2026 13:26:51,00:00:01,https://nsearchives.nseindia.com/corporate/WORTH_30012026132443_Newspaper_publication_Q3_Signed.pdf
HAPPSTMNDS,Happiest Minds Technologies Limited,Press Release,"Happiest Minds Technologies Limited has informed the Exchange regarding a press release dated January 30, 2026, titled ""Happiest Minds and IBSFINtech Form Strategic Alliance to Transform Enterprise Treasury Operations"".",30-Jan-2026 13:25:53,2026-01-30 13:25:53,30-Jan-2026 13:25:55,00:00:02,https://nsearchives.nseindia.com/corporate/suhask_30012026132544_HMPR300112026.pdf
LALPATHLAB,Dr. Lal Path Labs Ltd.,ESOP/ESOS/ESPS,Dr. Lal Path Labs Ltd. has informed the Exchange regarding Allotment of 4000  Shares.,30-Jan-2026 13:25:40,2026-01-30 13:25:40,30-Jan-2026 13:25:41,00:00:01,https://nsearchives.nseindia.com/corporate/LALPATHLAB_30012026132516_FINALoutcomeJan2026.pdf
SHAREINDIA,Share India Securities Limited,Analysts/Institutional Investor Meet/Con. Call Updates,"Share India Securities Limited has informed the Exchange about the transcript of Conference Call with Analysts/Investors held on January 28, 2026  to discuss the Un-audited Standalone & Consolidated Financial Results of the Company for the quarter and nine months ended December 31, 2025.",30-Jan-2026 13:25:39,2026-01-30 13:25:39,30-Jan-2026 13:25:40,00:00:01,https://nsearchives.nseindia.com/corporate/SISL_30012026132524_InvestorMeetTranscript28012026.pdf
FCONSUMER,Future Consumer Limited,"Certificate under SEBI (Depositories and Participants) Regulations, 2018","Future Consumer Limited has informed the Exchange about Certificate under SEBI (Depositories and Participants) Regulations, 2018",30-Jan-2026 13:25:37,2026-01-30 13:25:37,30-Jan-2026 13:25:38,00:00:01,https://nsearchives.nseindia.com/corporate/FCEL1_30012026132528_Regulation-74_5_-CERT_Future_Consumer_Limited_31Dec25_16_29_22.pdf
SOLARINDS,Solar Industries India Limited,Bagging/Receiving of orders/contracts,Solar Industries India Limited has informed the Exchange about Receipt of export order for Supply of Defence Products of INR 830 Crores,30-Jan-2026 13:25:14,2026-01-30 13:25:14,30-Jan-2026 13:25:15,00:00:01,https://nsearchives.nseindia.com/corporate/SOLARINDS_30012026132456_Announcementorder830crsd.pdf
INDIASHLTR,India Shelter Finance Corporation Limited,Analysts/Institutional Investor Meet/Con. Call Updates,India Shelter Finance Corporation Limited has informed the Exchange about Schedule of meet,30-Jan-2026 13:24:58,2026-01-30 13:24:58,30-Jan-2026 13:24:59,00:00:01,https://nsearchives.nseindia.com/corporate/ISFC2010_30012026132429_Intimation_of_investor_call.pdf
NIITLTD,NIIT Limited,Appointment,"NIIT Limited has informed the Exchange regarding Appointment of Mr Sachin Grover as Other of the company w.e.f. January 30, 2026.",30-Jan-2026 13:24:53,2026-01-30 13:24:53,30-Jan-2026 13:24:54,00:00:01,https://nsearchives.nseindia.com/corporate/NIITLTD_30012026132411_NIIT_SE_Intimation_SMP.pdf
NIITLTD,NIIT Limited,Appointment,"NIIT Limited has informed the Exchange regarding Appointment of Mr Vijay Kumar Srinivasan as Other of the company w.e.f. January 30, 2026.",30-Jan-2026 13:24:53,2026-01-30 13:24:53,30-Jan-2026 13:24:54,00:00:01,https://nsearchives.nseindia.com/corporate/NIITLTD_30012026132426_NIIT_SE_Intimation_SMP.pdf
NIITLTD,NIIT Limited,Appointment,"NIIT Limited has informed the Exchange regarding Appointment of Mr Pran Kishore Koul as Other of the company w.e.f. January 30, 2026.",30-Jan-2026 13:24:53,2026-01-30 13:24:53,30-Jan-2026 13:24:54,00:00:01,https://nsearchives.nseindia.com/corporate/NIITLTD_30012026132352_NIIT_SE_Intimation_SMP.pdf
RISHABH,Rishabh Instruments Limited,Analysts/Institutional Investor Meet/Con. Call Updates,Rishabh Instruments Limited has informed the Exchange about Schedule of meet,30-Jan-2026 13:24:25,2026-01-30 13:24:25,30-Jan-2026 13:24:26,00:00:01,https://nsearchives.nseindia.com/corporate/RISHABH_30012026132338_RIL_Earnings_Call_Intimation_December_2025__U.pdf
FCONSUMER,Future Consumer Limited,"Certificate under SEBI (Depositories and Participants) Regulations, 2018","Future Consumer Limited has informed the Exchange about Certificate under SEBI (Depositories and Participants) Regulations, 2018",30-Jan-2026 13:23:40,2026-01-30 13:23:40,30-Jan-2026 13:23:41,00:00:01,https://nsearchives.nseindia.com/corporate/FCEL1_30012026132325_Regulation-74_5_-CERT-Future_Consumer_Limited_30Sep25_14_15_6.pdf
INDOCO,Indoco Remedies Limited,Press Release,"Indoco Remedies Limited has informed the Exchange regarding a press release dated January 30, 2026, titled ""Indoco Remedies receives final ANDA approval from USFDA for Lacosamide Oral Solution USP,10mg/mL"".",30-Jan-2026 13:23:34,2026-01-30 13:23:34,30-Jan-2026 13:23:35,00:00:01,https://nsearchives.nseindia.com/corporate/INDOCO_30012026132321_IntimationANDAApprovalJan302026versionUploadedsign.pdf
LALPATHLAB,Dr. Lal Path Labs Ltd.,Outcome of Board Meeting,"Dr. Lal Path Labs Ltd. has informed the Exchange regarding Outcome of Board Meeting held on January 30, 2026.",30-Jan-2026 13:23:24,2026-01-30 13:23:24,30-Jan-2026 13:23:25,00:00:01,https://nsearchives.nseindia.com/corporate/LALPATHLAB_30012026132227_FINALoutcomeJan2026.pdf
ARVIND,Arvind Limited,General Updates,Board comments on fine levied by the Stock Exchanges,30-Jan-2026 13:22:56,2026-01-30 13:22:56,30-Jan-2026 13:22:57,00:00:01,https://nsearchives.nseindia.com/corporate/ARVIND1_30012026132238_Arvindsigned.pdf
AIAENG,AIA Engineering Limited,Outcome of Board Meeting,"AIA Engineering Limited has submitted to the Exchange, the financial results for the period ended December 31, 2025.",30-Jan-2026 13:22:08,2026-01-30 13:22:08,30-Jan-2026 13:22:09,00:00:01,https://nsearchives.nseindia.com/corporate/AIAENG_30012026132021_Results.pdf
LALPATHLAB,Dr. Lal Path Labs Ltd.,Dividend,"Dr. Lal Path Labs Ltd. has informed the Exchange that Board of Directors at its meeting held on January 30, 2026, declared Interim Dividend of Rs. 3.5 per equity share.",30-Jan-2026 13:20:23,2026-01-30 13:20:23,30-Jan-2026 13:20:24,00:00:01,https://nsearchives.nseindia.com/corporate/LALPATHLAB_30012026131922_FINALoutcomeJan2026.pdf
NIITLTD,NIIT Limited,Outcome of Board Meeting,"NIIT Limited has informed the Exchange regarding  Board meeting held on January 30, 2026.",30-Jan-2026 13:20:10,2026-01-30 13:20:10,30-Jan-2026 13:20:11,00:00:01,https://nsearchives.nseindia.com/corporate/NIITLTD_30012026131947_NIIT_SE_Intimation_SMP.pdf
AGI,AGI Greenpac Limited,Copy of Newspaper Publication,AGI Greenpac Limited has informed the Exchange about Copy of Newspaper Publication,30-Jan-2026 13:18:34,2026-01-30 13:18:34,30-Jan-2026 13:18:35,00:00:01,https://nsearchives.nseindia.com/corporate/HSIL_30012026131823_AGI_NewspaperPublicationofFinancial.pdf
ESCORTS,Escorts Kubota Limited,Pendency of Litigation(s)/dispute(s) or the outcome impacting the Company,Escorts Kubota Limited has informed the Exchange about update on Litigation(s)/dispute(s) or the outcome impacting the Company,30-Jan-2026 13:18:07,2026-01-30 13:18:07,30-Jan-2026 13:18:08,00:00:01,https://nsearchives.nseindia.com/corporate/ESCORTS2_30012026131617_2026_01_30_IDT_Update_Signed.pdf
NIITLTD,NIIT Limited,Press Release,"NIIT Limited has informed the Exchange regarding a press release dated January 30, 2026, titled ""Unaudited Financial Results for the quarter ended December 31, 2025"".",30-Jan-2026 13:17:59,2026-01-30 13:17:59,30-Jan-2026 13:18:00,00:00:01,https://nsearchives.nseindia.com/corporate/NIITLTD_30012026131721_STXpressRelease.pdf
LALPATHLAB,Dr. Lal Path Labs Ltd.,Outcome of Board Meeting,"Dr. Lal Path Labs Ltd. has submitted to the Exchange, the financial results for the period ended December 31, 2025.",30-Jan-2026 13:17:25,2026-01-30 13:17:25,30-Jan-2026 13:17:25,00:00:00,https://nsearchives.nseindia.com/corporate/LALPATHLAB_30012026131630_FINALoutcomeJan2026.pdf
WEBELSOLAR,Websol Energy System Limited,Analysts/Institutional Investor Meet/Con. Call Updates,Websol Energy System Limited has informed the Exchange about Presentation,30-Jan-2026 13:17:12,2026-01-30 13:17:12,30-Jan-2026 13:17:14,00:00:02,https://nsearchives.nseindia.com/corporate/WEBELSOLAR_30012026131501_EarningsPresentationQ3FY26.pdf
FINOPB,Fino Payments Bank Limited,Copy of Newspaper Publication,Fino Payments Bank Limited has informed the Exchange about Copy of Newspaper Publication,30-Jan-2026 13:17:08,2026-01-30 13:17:08,30-Jan-2026 13:17:10,00:00:02,https://nsearchives.nseindia.com/corporate/FINOPB_30012026131617_Cover_NP_December_31_2025.pdf
RAMCOIND,Ramco Industries Limited,Pendency of Litigation(s)/dispute(s) or the outcome impacting the Company,Ramco Industries Limited has informed the Exchange about Pendency of Litigation(s)/dispute(s) or the outcome impacting the Company,30-Jan-2026 13:16:51,2026-01-30 13:16:51,30-Jan-2026 13:16:52,00:00:01,https://nsearchives.nseindia.com/corporate/RAMCOIND_30012026131625_Upadates_Ongoing_Litigations_30012026.pdf
ARVIND,Arvind Limited,Investor Presentation,Arvind Limited has informed the Exchange about Investor Presentation,30-Jan-2026 13:15:40,2026-01-30 13:15:40,30-Jan-2026 13:15:41,00:00:01,https://nsearchives.nseindia.com/corporate/ARVIND1_30012026131525_Arvindsigned.pdf
RBA,Restaurant Brands Asia Limited,Analysts/Institutional Investor Meet/Con. Call Updates,Restaurant Brands Asia Limited has informed the Exchange about Investors and Analyst Call,30-Jan-2026 13:14:54,2026-01-30 13:14:54,30-Jan-2026 13:14:54,00:00:00,https://nsearchives.nseindia.com/corporate/RBA_30012026131409_Finalupload.pdf
PGEL,PG Electroplast Limited,Analysts/Institutional Investor Meet/Con. Call Updates,PG Electroplast Limited has informed the Exchange about Schedule of meet,30-Jan-2026 13:14:24,2026-01-30 13:14:24,30-Jan-2026 13:14:25,00:00:01,https://nsearchives.nseindia.com/corporate/PGEL_30012026131348_IntimationJF03022026.pdf
STARHEALTH,Star Health and Allied Insurance Company Limited,Copy of Newspaper Publication,Star Health and Allied Insurance Company Limited has informed the Exchange about Copy of Newspaper Publication,30-Jan-2026 13:14:04,2026-01-30 13:14:04,30-Jan-2026 13:14:05,00:00:01,https://nsearchives.nseindia.com/corporate/STARHEALTH_30012026131216_SHAICL_-Newspaper_Publication.pdf
ARVIND,Arvind Limited,Press Release,"Arvind Limited has informed the Exchange regarding a press release dated January 30, 2026, titled ""Highlights for Q3 FY26"".",30-Jan-2026 13:13:46,2026-01-30 13:13:46,30-Jan-2026 13:13:47,00:00:01,https://nsearchives.nseindia.com/corporate/ARVIND1_30012026131306_Arvindsigned1.pdf
NIITLTD,NIIT Limited,Outcome of Board Meeting,"NIIT Limited has informed the Exchange regarding  Board meeting held on January 30, 2026.",30-Jan-2026 13:13:41,2026-01-30 13:13:41,30-Jan-2026 13:13:42,00:00:01,https://nsearchives.nseindia.com/corporate/NIITLTD_30012026131318_NIITQuickResults30012026.pdf
MOIL,MOIL Limited,Dividend,"MOIL Limited has informed the Exchange that Board of Directors at its meeting held on January 30, 2026, declared 2nd Interim Dividend of Rs. 3.53 per equity share for F.Y. 2025-26.",30-Jan-2026 13:13:30,2026-01-30 13:13:30,30-Jan-2026 13:13:31,00:00:01,https://nsearchives.nseindia.com/corporate/MOIL_30012026131254_Q3_Results_2025-26.pdf
NIITLTD,NIIT Limited,Outcome of Board Meeting,"NIIT Limited has submitted to the Exchange, the financial results for the period ended December 31, 2025.",30-Jan-2026 13:12:05,2026-01-30 13:12:05,30-Jan-2026 13:12:06,00:00:01,https://nsearchives.nseindia.com/corporate/NIITLTD_30012026130937_NIITQuickResults30012026.pdf
AEGISLOG,Aegis Logistics Limited,Investor Presentation,Aegis Logistics Limited has informed the Exchange about Investor Presentation,30-Jan-2026 13:12:03,2026-01-30 13:12:03,30-Jan-2026 13:12:04,00:00:01,https://nsearchives.nseindia.com/corporate/AEGISCHEM_30012026130806_Aegis_Investor_Deck__Q3_FY26_Final.pdf
MOIL,MOIL Limited,Outcome of Board Meeting,"MOIL Limited has submitted to the Exchange, the unaudited financial results for the period ended December 31, 2025.",30-Jan-2026 13:10:45,2026-01-30 13:10:45,30-Jan-2026 13:10:46,00:00:01,https://nsearchives.nseindia.com/corporate/MOIL_30012026130830_Q3_Results_2025-26.pdf
ASHAPURMIN,Ashapura Minechem Limited,Copy of Newspaper Publication,"Ashapura Minechem Limited has informed the Exchange about Copy of Newspaper Publication for the Notice of Board Meeting to be held on 5th February, 2026.",30-Jan-2026 13:06:39,2026-01-30 13:06:39,30-Jan-2026 13:06:41,00:00:02,https://nsearchives.nseindia.com/corporate/ASHAPURMIN_30012026130617_Newspaper_Publication.pdf
UDS,Updater Services Limited,Updates,Updater Services Limited has informed the Exchange regarding 'Disclosure under Regulation 30 (9) of SEBI (LODR) 2015'.,30-Jan-2026 13:06:38,2026-01-30 13:06:38,30-Jan-2026 13:06:39,00:00:01,https://nsearchives.nseindia.com/corporate/COMPLIANCEOFFICERUDS_30012026130620_StockExchangeIntimationAppointmentResignationsd.pdf
PNBGILTS,PNB Gilts Limited,Credit Rating,PNB GILTS LTD. has informed the Exchange about Credit Rating,30-Jan-2026 13:04:56,2026-01-30 13:04:56,30-Jan-2026 13:04:57,00:00:01,https://nsearchives.nseindia.com/corporate/PNBGILTSSB_30012026130425_ICRA_rating29012026.pdf
AEROFLEX,Aeroflex Industries Limited,Copy of Newspaper Publication,"Newspaper Advertisement of extract of un- audited standalone and consolidated financial results for the quarter ended December 31, 2025.",30-Jan-2026 13:03:14,2026-01-30 13:03:14,30-Jan-2026 13:03:14,00:00:00,https://nsearchives.nseindia.com/corporate/AEROFLEXINDIA_30012026130305_Newspaperintimation.pdf
RMDRIP,R M Drip and Sprinklers Systems Limited,General Updates,R M Drip and Sprinklers Systems Limited has informed the Exchange about General Updates,30-Jan-2026 13:02:23,2026-01-30 13:02:23,30-Jan-2026 13:02:24,00:00:01,https://nsearchives.nseindia.com/corporate/RMDRIP_30012026130211_Regulation30.pdf
AJMERA,Ajmera Realty & Infra India Limited,Copy of Newspaper Publication,"Ajmera Realty & Infra India Limited has informed the Exchange about Copy of Newspaper Publication for the unaudited financial results for the quarter and nine months ended December 31, 2025",30-Jan-2026 13:01:53,2026-01-30 13:01:53,30-Jan-2026 13:01:54,00:00:01,https://nsearchives.nseindia.com/corporate/AJMERA_30012026130144_Signed_Intimation.pdf
ZYDUSLIFE,Zydus Lifesciences Limited,Analysts/Institutional Investor Meet/Con. Call Updates,Zydus Lifesciences Limited has informed the Exchange about Schedule of meet,30-Jan-2026 13:01:25,2026-01-30 13:01:25,30-Jan-2026 13:01:26,00:00:01,https://nsearchives.nseindia.com/corporate/Cadilahc_30012026130020_InvestorCall30012026.pdf
NRBBEARING,NRB Bearing Limited,Analysts/Institutional Investor Meet/Con. Call Updates,NRB Bearing Limited has informed the Exchange about Schedule of meet,30-Jan-2026 13:00:33,2026-01-30 13:00:33,30-Jan-2026 13:00:34,00:00:01,https://nsearchives.nseindia.com/corporate/NRBBEARING1_30012026125840_Earnings_Call_intimation_Q3_2025-26_for_upload.pdf
IKS,Inventurus Knowledge Solutions Limited,Options to purchase securities,Inventurus Knowledge Solutions Limited has informed the Exchange about grant of options to purchase securities.,30-Jan-2026 13:00:16,2026-01-30 13:00:16,30-Jan-2026 13:00:17,00:00:01,https://nsearchives.nseindia.com/corporate/IKSSHEETAL_30012026130004_Grantofstockoptions30012026.pdf
APCOTEXIND,Apcotex Industries Limited,Investor Presentation,Apcotex Industries Limited has informed the Exchange about Investor Presentation,30-Jan-2026 13:00:04,2026-01-30 13:00:04,30-Jan-2026 13:00:05,00:00:01,https://nsearchives.nseindia.com/corporate/APCOTEXIND_30012026125950_Covering_-_signed.pdf
MANBA,Manba Finance Limited,Copy of Newspaper Publication,Manba Finance Limited has informed the Exchange about Copy of Newspaper Publication,30-Jan-2026 12:59:52,2026-01-30 12:59:52,30-Jan-2026 12:59:53,00:00:01,https://nsearchives.nseindia.com/corporate/MANBA_30012026125923_Newspaper_dec_25.pdf
RTNPOWER,RattanIndia Power Limited,General Updates,"RattanIndia Power Limited has informed the Exchange about Earnings Update for the quarter and nine months ended December 31, 2025.",30-Jan-2026 12:58:58,2026-01-30 12:58:58,30-Jan-2026 12:58:59,00:00:01,https://nsearchives.nseindia.com/corporate/RTNPOWER_30012026125846_RPLEARNINGQ3.pdf
ANGELONE,Angel One Limited,ESOP/ESOS/ESPS,Angel One Limited has informed the Exchange regarding Allotment of 24851  Shares.,30-Jan-2026 12:58:37,2026-01-30 12:58:37,30-Jan-2026 12:58:39,00:00:02,https://nsearchives.nseindia.com/corporate/ANGEL8896_30012026125818_January302026intimationofallotment.pdf
MARKOLINES,Markolines Pavement Technologies Limited,General Updates,Markolines Pavement Technologies Limited has informed the Exchange about General Updates on the board meeting in which allotment of equity shares on conversion of warrants was approved.,30-Jan-2026 12:57:27,2026-01-30 12:57:27,30-Jan-2026 12:57:28,00:00:01,https://nsearchives.nseindia.com/corporate/MPTL2002_30012026125713_OutcomeBMMPTLAllotment300126signed.pdf
STAR,Strides Pharma Science Limited,General Updates,Strides Pharma Science Limited has informed the Exchange about Earnings Presentation for Q3 & 9 Months FY26,30-Jan-2026 12:57:25,2026-01-30 12:57:25,30-Jan-2026 12:57:26,00:00:01,https://nsearchives.nseindia.com/corporate/STRIDES_30012026125713_StridesInvestorPresentationSEIntimation.pdf
TEGA,Tega Industries Limited,General Updates,Tega Industries Limited has informed the Exchange about General Updates,30-Jan-2026 12:55:56,2026-01-30 12:55:56,30-Jan-2026 12:55:58,00:00:02,https://nsearchives.nseindia.com/corporate/TEGA_30012026125528_Intimation_Reg_30_SEBI_LODR_sd.pdf
DEEPINDS,Deep Industries Limited,Analysts/Institutional Investor Meet/Con. Call Updates,Deep Industries Limited has informed the Exchange about Schedule of meet,30-Jan-2026 12:55:23,2026-01-30 12:55:23,30-Jan-2026 12:55:24,00:00:01,https://nsearchives.nseindia.com/corporate/DEEPINDS_30012026125501_Intimationcall.pdf
SHILPAMED,Shilpa Medicare Limited,Analysts/Institutional Investor Meet/Con. Call Updates,Shilpa Medicare Limited has informed the Exchange about Schedule of meet,30-Jan-2026 12:55:20,2026-01-30 12:55:20,30-Jan-2026 12:55:21,00:00:01,https://nsearchives.nseindia.com/corporate/SHILPAMED_30012026125432_SEIntimation_3QFY26_Analyst_Call.pdf
INDIASHLTR,India Shelter Finance Corporation Limited,Analysts/Institutional Investor Meet/Con. Call Updates,India Shelter Finance Corporation Limited has informed the Exchange about Schedule of meet,30-Jan-2026 12:55:14,2026-01-30 12:55:14,30-Jan-2026 12:55:16,00:00:02,https://nsearchives.nseindia.com/corporate/ISFC2010_30012026125308_Investor_meet_prior_Intimation.pdf
GENESYS,Genesys International Corporation Limited,Updates,"Genesys International Corporation Limited has informed the Exchange regarding 'Press Release'.Please find attached a copy of the press release titled  Genesys International WinsUrban Digital Twin Map Platform Project for Guwahati, Expands Presence intoAssam .",30-Jan-2026 12:54:37,2026-01-30 12:54:37,30-Jan-2026 12:54:38,00:00:01,https://nsearchives.nseindia.com/corporate/GENESYS_30012026125427_press_release_Final.pdf
RTNPOWER,RattanIndia Power Limited,Outcome of Board Meeting,"RattanIndia Power Limited has submitted to the Exchange, the financial results for the period ended December 31, 2025.",30-Jan-2026 12:54:21,2026-01-30 12:54:21,30-Jan-2026 12:54:22,00:00:01,https://nsearchives.nseindia.com/corporate/RTNPOWER_30012026125149_RPLRESULTQ3.pdf
STAR,Strides Pharma Science Limited,Press Release,"Strides Pharma Science Limited has informed the Exchange regarding a press release dated January 30, 2026, titled ""Strides Continues to Deliver Exceptional Performance With Highest Ever Quarterly EBITDA of &#8377;2,359m in Q3FY26"".",30-Jan-2026 12:53:55,2026-01-30 12:53:55,30-Jan-2026 12:53:56,00:00:01,https://nsearchives.nseindia.com/corporate/STRIDES_30012026125338_StridesPressReleaseQ3FY26.pdf
MARKOLINES,Markolines Pavement Technologies Limited,Outcome of Board Meeting,"Markolines Pavement Technologies Limited has informed the Exchange regarding Outcome of Board Meeting held on January 30, 2026, in which allotment of equity shares on conversion of warrants was approved.",30-Jan-2026 12:53:46,2026-01-30 12:53:46,30-Jan-2026 12:53:47,00:00:01,https://nsearchives.nseindia.com/corporate/MPTL2002_30012026125247_OutcomeBMMPTLAllotment300126signed.pdf
BALAMINES,Balaji Amines Limited,Press Release,"Balaji Amines Limited has informed the Exchange regarding a press release dated January 30, 2026, titled ""Press Release in connection with Un-audited Financial Results of the Company for the Quarter and Nine Months Ended 31.12.2025"".",30-Jan-2026 12:51:10,2026-01-30 12:51:10,30-Jan-2026 12:51:11,00:00:01,https://nsearchives.nseindia.com/corporate/BALAMINES_30012026125056_Press_Release_Signed.pdf
MEIL,Mangal Electrical Industries Limited,Copy of Newspaper Publication,Mangal Electrical Industries Limited has informed the Exchange about Copy of Newspaper Publication,30-Jan-2026 12:50:49,2026-01-30 12:50:49,30-Jan-2026 12:50:49,00:00:00,https://nsearchives.nseindia.com/corporate/MANGALS_30012026125037_newspaper_publication__1_.pdf
SSWL,Steel Strips Wheels Limited,Analysts/Institutional Investor Meet/Con. Call Updates,Steel Strips Wheels Limited has informed the Exchange about Transcript. Please find enclosed the transcript with respect to the Conference call with Analysts/Institutional Investors held on 23.01.2026 on  Q3 FY26 Result . The aforesaid transcript is also available on the Company's website at https://sswlindia.com/investors/analysts-investors-meetings/.,30-Jan-2026 12:50:22,2026-01-30 12:50:22,30-Jan-2026 12:50:23,00:00:01,https://nsearchives.nseindia.com/corporate/SSWL_30012026124919_Intimation_Transcript_signed.pdf
RSSOFTWARE,R. S. Software (India) Limited,Outcome of Board Meeting,"R. S. Software (India) Limited has submitted the Exchange the revised Outcome of Board Meeting held on November 05, 2025.",30-Jan-2026 12:50:13,2026-01-30 12:50:13,30-Jan-2026 12:50:14,00:00:01,https://nsearchives.nseindia.com/corporate/RSSOFT_30012026124953_RSSOFT_FinResults_OutcomeBM_05Nov2025.pdf
JSWHL,JSW Holdings Limited,Copy of Newspaper Publication,JSW Holdings Limited has informed the Exchange about Copy of Newspaper Publication,30-Jan-2026 12:49:53,2026-01-30 12:49:53,30-Jan-2026 12:49:54,00:00:01,https://nsearchives.nseindia.com/corporate/JSWHL_30012026124937_Reg47.pdf
STAR,Strides Pharma Science Limited,Outcome of Board Meeting,"Strides Pharma Science Limited has submitted to the Exchange, the financial results for the period ended December 31, 2025.",30-Jan-2026 12:48:49,2026-01-30 12:48:49,30-Jan-2026 12:48:50,00:00:01,https://nsearchives.nseindia.com/corporate/STRIDES_30012026124822_StridesFinancialResultsQ3FY26.pdf
ARVIND,Arvind Limited,Outcome of Board Meeting,"Arvind Limited has submitted to the Exchange, the financial results for the period ended December 31, 2025.",30-Jan-2026 12:47:01,2026-01-30 12:47:01,30-Jan-2026 12:47:02,00:00:01,https://nsearchives.nseindia.com/corporate/ARVIND1_30012026124440_Arvindsigned.pdf
TNPL,Tamil Nadu Newsprint & Papers Limited,Copy of Newspaper Publication,Tamil Nadu Newsprint & Papers Limited has informed the Exchange about Copy of Newspaper Publication,30-Jan-2026 12:46:46,2026-01-30 12:46:46,30-Jan-2026 12:46:47,00:00:01,https://nsearchives.nseindia.com/corporate/TNPL_30012026124554_320thBMNewspaper30012026CSDSC.pdf
NATCOPHARM,Natco Pharma Limited,Press Release,"Natco Pharma Limited has informed the Exchange regarding a press release dated January 30, 2026, titled ""Disclosure under Regulation 30 of SEBI (LODR) Regulations, 2015"".",30-Jan-2026 12:43:56,2026-01-30 12:43:56,30-Jan-2026 12:43:57,00:00:01,https://nsearchives.nseindia.com/corporate/NATCOPHARM_30012026124346_PressReleasee_30012026.pdf
CGPOWER,CG Power and Industrial Solutions Limited,Monitoring Agency Report,Please find enclosed revised Monitoring Agency Report for the quarter ended 31st December 2025.,30-Jan-2026 12:42:44,2026-01-30 12:42:44,30-Jan-2026 12:42:45,00:00:01,https://nsearchives.nseindia.com/corporate/CGPOWER_30012026123923_Disclosure_Monitoring_Agency_Report_revised.pdf
NACLIND,NACL Industries Limited,General Updates,NACL Industries Limited has informed the Exchange about news paper publication,30-Jan-2026 12:39:27,2026-01-30 12:39:27,30-Jan-2026 12:39:28,00:00:01,https://nsearchives.nseindia.com/corporate/NACLIND_30012026123659_SEIPPNACL30012026__1_.pdf
JAMNAAUTO,Jamna Auto Industries Limited,General Updates,Jamna Auto Industries Limited has informed the Exchange about General Updates,30-Jan-2026 12:34:19,2026-01-30 12:34:19,30-Jan-2026 12:34:19,00:00:00,https://nsearchives.nseindia.com/corporate/JAMNAAUTO_30012026123411_Intimation.pdf
PSPPROJECT,PSP Projects Limited,Outcome of Board Meeting,"PSP Projects Limited has informed the Exchange regarding  Board meeting held on January 30, 2026.",30-Jan-2026 12:33:00,2026-01-30 12:33:00,30-Jan-2026 12:33:01,00:00:01,https://nsearchives.nseindia.com/corporate/PSPPROJECT_30012026123227_20260130_Outcome_of_Board_Meeting_75.pdf
AEGISLOG,Aegis Logistics Limited,Outcome of Board Meeting,"Aegis Logistics Limited has submitted to the Exchange, the financial results for the period ended December 31, 2025.",30-Jan-2026 12:32:13,2026-01-30 12:32:13,30-Jan-2026 12:32:13,00:00:00,https://nsearchives.nseindia.com/corporate/AEGISCHEM_30012026122950_ALL_Outcome_BM_30012026_S.pdf
WHEELS,Wheels India Limited,Copy of Newspaper Publication,Wheels India Limited has informed the Exchange about Copy of Newspaper Publication,30-Jan-2026 12:31:43,2026-01-30 12:31:43,30-Jan-2026 12:31:44,00:00:01,https://nsearchives.nseindia.com/corporate/WHEELS_30012026123045_WILReg47January_30_2026.pdf
INDIACEM,The India Cements Limited,Analysts/Institutional Investor Meet/Con. Call Updates,The India Cements Limited has informed the Exchange about Transcript,30-Jan-2026 12:29:52,2026-01-30 12:29:52,30-Jan-2026 12:29:54,00:00:02,https://nsearchives.nseindia.com/corporate/INDIACEM_30012026122713_SEletterEarningsCallTranscriptsigned.pdf
VEDL,Vedanta Limited,News Verification,The Exchange has sought clarification from Vedanta Limited with respect to recent news item captioned Vedanta moves HC over 2011 arbitral award declaring Balco shares transfer as void..  The response from the Company is awaited.,30-Jan-2026 12:28:45,2026-01-30 12:28:45,30-Jan-2026 12:28:46,00:00:01,-
PSPPROJECT,PSP Projects Limited,Outcome of Board Meeting,"PSP Projects Limited has submitted to the Exchange, the financial results for the period ended December 31, 2025.",30-Jan-2026 12:27:32,2026-01-30 12:27:32,30-Jan-2026 12:27:34,00:00:02,https://nsearchives.nseindia.com/corporate/PSPPROJECT_30012026122447_20260130_Outcome_of_Board_Meeting_75.pdf
AEQUS,Aequs Limited,Copy of Newspaper Publication,Aequs Limited has informed the Exchange about Copy of Newspaper Publication,30-Jan-2026 12:27:30,2026-01-30 12:27:30,30-Jan-2026 12:27:31,00:00:01,https://nsearchives.nseindia.com/corporate/AEQUSLIMITED_30012026122608_Newspaper_publication_of_Financial_results_Dec_2025.pdf
SAKAR,Sakar Healthcare Limited,General Updates,"Sakar Healthcare Limited has informed the Exchange about the Board meeting is scheduled on 5th February 2026 to consider and approve the financial results for the period ended December 31, 2025 and other business matters",30-Jan-2026 12:27:11,2026-01-30 12:27:11,30-Jan-2026 12:27:11,00:00:00,https://nsearchives.nseindia.com/corporate/SAKAR_30012026122558_Prior_intimation_letter.pdf
PVSL,Popular Vehicles and Services Limited,Analysts/Institutional Investor Meet/Con. Call Updates,Popular Vehicles and Services Limited has informed the Exchange about Schedule of meet,30-Jan-2026 12:24:43,2026-01-30 12:24:43,30-Jan-2026 12:24:44,00:00:01,https://nsearchives.nseindia.com/corporate/9072530155_30012026122141_IntimationConcallFinalSD.pdf
SHEMAROO,Shemaroo Entertainment Limited,General Updates,Shemaroo Entertainment Limited has informed the Exchange about reappointment of Internal Auditors of the Company,30-Jan-2026 12:24:38,2026-01-30 12:24:38,30-Jan-2026 12:24:39,00:00:01,https://nsearchives.nseindia.com/corporate/SHEMAROO_30012026122342_Outcome_-Update_BM_29012025.pdf
KRSNAA,Krsnaa Diagnostics Limited,Analysts/Institutional Investor Meet/Con. Call Updates,Krsnaa Diagnostics Limited has informed the Exchange about Schedule of meet,30-Jan-2026 12:22:55,2026-01-30 12:22:55,30-Jan-2026 12:22:56,00:00:01,https://nsearchives.nseindia.com/corporate/KRSNAA_30012026122157_543328_Signed.pdf
HDFCBANK,HDFC Bank Limited,Updates,"HDFC Bank Limited has informed the Exchange regarding 'Allotment of 12,19,698 equity shares under ESOP/RSU'.",30-Jan-2026 12:22:26,2026-01-30 12:22:26,30-Jan-2026 12:22:27,00:00:01,https://nsearchives.nseindia.com/corporate/HDFCBANK_30012026122154_SELetterESOP30012026.pdf
CENTUM,Centum Electronics Limited,Analysts/Institutional Investor Meet/Con. Call Updates,Centum Electronics Limited has informed the Exchange about Schedule of meet,30-Jan-2026 12:20:09,2026-01-30 12:20:09,30-Jan-2026 12:20:10,00:00:01,https://nsearchives.nseindia.com/corporate/CENTUME_30012026121952_Intimation.pdf
VEDL,Vedanta Limited,Copy of Newspaper Publication,"Vedanta Limited has informed the Exchange about the Newspaper Publication of Unaudited Financial Results for the Third Quarter and Nine Months ended December 31, 2025.",30-Jan-2026 12:17:23,2026-01-30 12:17:23,30-Jan-2026 12:17:24,00:00:01,https://nsearchives.nseindia.com/corporate/VEDL_30012026121520_SEIntimatioNewspaperPublicationQ3FY2026Resultssigned.pdf
MANAPPURAM,Manappuram Finance Limited,Copy of Newspaper Publication,Manappuram Finance Limited has informed the Exchange about Copy of Newspaper Publication,30-Jan-2026 12:16:48,2026-01-30 12:16:48,30-Jan-2026 12:16:49,00:00:01,https://nsearchives.nseindia.com/corporate/MANAPPURAM_30012026121622_publication_final_filepdf.pdf
SWANCORP,SWAN CORP LIMITED,Copy of Newspaper Publication,SWAN CORP LIMITED has informed the Exchange about Copy of Newspaper Publication,30-Jan-2026 12:16:42,2026-01-30 12:16:42,30-Jan-2026 12:16:42,00:00:00,https://nsearchives.nseindia.com/corporate/SWANENERGY_30012026121500_SCL_Newspaper_Publication.pdf
KAPSTON,Kapston Services Limited,Copy of Newspaper Publication,Kapston Services Limited has informed the Exchange about Copy of Newspaper Publication,30-Jan-2026 12:12:36,2026-01-30 12:12:36,30-Jan-2026 12:12:37,00:00:01,https://nsearchives.nseindia.com/corporate/KAPSTON_30012026120843_Intimation_-_Final_SD.pdf
AJOONI,Ajooni Biotech Limited,Outcome of Board Meeting,"Ajooni Biotech Limited has submitted to the Exchange, the financial results for the period ended December 31, 2025.",30-Jan-2026 12:10:01,2026-01-30 12:10:01,30-Jan-2026 12:10:02,00:00:01,https://nsearchives.nseindia.com/corporate/AJOONI_30012026120836_Outcome_results_ajooni_300125_sd.pdf
CHAMBLFERT,Chambal Fertilizers & Chemicals Limited,Credit Rating,Chambal Fertilizers & Chemicals Limited has informed the Exchange about Credit Rating,30-Jan-2026 12:07:26,2026-01-30 12:07:26,30-Jan-2026 12:07:26,00:00:00,https://nsearchives.nseindia.com/corporate/JOYLINJ_30012026120618_20260130_-Intimation_of_Credit_Rating.pdf
RELIGARE,Religare Enterprises Limited,Updates,"Religare Enterprises Limited has informed the Exchange regarding 'Disclosure under Regulation 30 of Securities and Exchange Board of India (Listing Obligations and Disclosure Requirements) Regulations, 2015 regarding Care Health Insurance Limited, a material Subsidiary of Religare Enterprises Limited '.",30-Jan-2026 12:06:40,2026-01-30 12:06:40,30-Jan-2026 12:06:41,00:00:01,https://nsearchives.nseindia.com/corporate/RELIGARE_30012026120023_RELUPDATE30012026.pdf
ATGL,Adani Total Gas Limited,Analysts/Institutional Investor Meet/Con. Call Updates,Analysts/Institutional Investor Meet/Con. Call Updates about Transcript,30-Jan-2026 12:03:48,2026-01-30 12:03:48,30-Jan-2026 12:03:49,00:00:01,https://nsearchives.nseindia.com/corporate/ATGL2024_30012026120138_ATGL_Transcript_Investor_Call_30012026.pdf
PGIL,Pearl Global Industries Limited,Analysts/Institutional Investor Meet/Con. Call Updates,Pearl Global Industries Limited has informed the Exchange about Schedule of Analyst/ Investors meet,30-Jan-2026 12:02:50,2026-01-30 12:02:50,30-Jan-2026 12:02:51,00:00:01,https://nsearchives.nseindia.com/corporate/PGIL_30012026120216_Intimation_Investor_Meet_07022026.pdf
KARURVYSYA,Karur Vysya Bank Limited,Analysts/Institutional Investor Meet/Con. Call Updates,Karur Vysya Bank Limited has informed the Exchange about Transcript,30-Jan-2026 11:57:45,2026-01-30 11:57:45,30-Jan-2026 11:57:46,00:00:01,https://nsearchives.nseindia.com/corporate/KARURVYSYA_30012026115524_NSE_BSE_Transcript_DSC.pdf
STLNETWORK,STL Networks Limited,General Updates,STL Networks Limited has informed the Exchange about General Updates,30-Jan-2026 11:57:19,2026-01-30 11:57:19,30-Jan-2026 11:57:20,00:00:01,https://nsearchives.nseindia.com/corporate/STLNETWORKS_30012026115027_AllotmentJanuary302026.pdf
COCHINSHIP,Cochin Shipyard Limited,Updates,Cochin Shipyard Limited has informed the Exchange regarding 'CSL secured a Notable* order from a Domestic Client for construction of two Green Tugs'.,30-Jan-2026 11:56:06,2026-01-30 11:56:06,30-Jan-2026 11:56:06,00:00:00,https://nsearchives.nseindia.com/corporate/Aswi4739_30012026115544_SE_Intimation_Green_Tugs_sd.pdf
BHAGYANGR,Bhagyanagar India Limited,Scheme of Arrangement,Bhagyanagar India Limited has informed the Exchange about Scheme of Arrangement,30-Jan-2026 11:54:06,2026-01-30 11:54:06,30-Jan-2026 11:54:07,00:00:01,https://nsearchives.nseindia.com/corporate/BHAGYANGR_30012026115353_BILNCLTOUTCOME29012026__1_.pdf
GANGOTRI,Gangotri Textiles Limited,Outcome of Board Meeting,"Gangotri Textiles Limited has submitted to the Exchange, the financial results for the period ended December 31, 2025.",30-Jan-2026 11:53:53,2026-01-30 11:53:53,30-Jan-2026 11:53:54,00:00:01,https://nsearchives.nseindia.com/corporate/GANGOTRI_30012026115001_BMOCDEC25QTRNSE.pdf
ULTRACEMCO,UltraTech Cement Limited,Analysts/Institutional Investor Meet/Con. Call Updates,UltraTech Cement Limited has informed the Exchange about Transcript,30-Jan-2026 11:50:19,2026-01-30 11:50:19,30-Jan-2026 11:50:20,00:00:01,https://nsearchives.nseindia.com/corporate/ULTRACEMCO1_30012026114944_Covering_Letter_-_Transcript.pdf
RAILTEL,Railtel Corporation Of India Limited,Bagging/Receiving of orders/contracts,Railtel Corporation Of India Limited has informed the Exchange about Bagging/Receiving of orders/contracts,30-Jan-2026 11:50:12,2026-01-30 11:50:12,30-Jan-2026 11:50:13,00:00:01,https://nsearchives.nseindia.com/corporate/RAILTEL_30012026115003_Order_Book_Company_Report_22353.pdf
STLNETWORK,STL Networks Limited,Allotment of Securities,STL Networks Limited has informed the Exchange regarding allotment of 10000 securities pursuant to Non Convertible Securities.,30-Jan-2026 11:47:39,2026-01-30 11:47:39,30-Jan-2026 11:47:40,00:00:01,https://nsearchives.nseindia.com/corporate/STLNETWORKS_30012026114717_AllotmentJanuary302026.pdf
NOCIL,NOCIL Limited,Analysts/Institutional Investor Meet/Con. Call Updates,NOCIL Limited has informed the Exchange about Schedule of meet,30-Jan-2026 11:45:17,2026-01-30 11:45:17,30-Jan-2026 11:45:18,00:00:01,https://nsearchives.nseindia.com/corporate/NOCIL_30012026114506_EarningsCallintimation_Signed.pdf
JSWSTEEL,JSW Steel Limited,Investor Presentation,JSW Steel Limited has informed the Exchange about Investor Presentation,30-Jan-2026 11:44:10,2026-01-30 11:44:10,30-Jan-2026 11:44:11,00:00:01,https://nsearchives.nseindia.com/corporate/jessydenny_30012026114357_Analyst_transcript.pdf
JTEKTINDIA,Jtekt India Limited,General Updates,Jtekt India Limited has informed the Exchange about General Updates,30-Jan-2026 11:43:07,2026-01-30 11:43:07,30-Jan-2026 11:43:07,00:00:00,https://nsearchives.nseindia.com/corporate/JTEKTINDIA_30012026114223_Intimation.pdf
BRIGADE,Brigade Enterprises Limited,Press Release,"Brigade Enterprises Limited has informed the Exchange regarding a press release dated January 30, 2026, titled ""Brigade Group Signs Agreement to Purchase Prime Land Parcel in Secunderabad. Company to develop &#8377;650 Cr Residential Project"".",30-Jan-2026 11:42:54,2026-01-30 11:42:54,30-Jan-2026 11:42:55,00:00:01,https://nsearchives.nseindia.com/corporate/BRIGADE_30012026114212_61Reg30MaterialInformation3001.pdf
TARACHAND,Tara Chand InfraLogistic Solutions Limited,Copy of Newspaper Publication,Tara Chand InfraLogistic Solutions Limited has informed the Exchange about Copy of Newspaper Publication,30-Jan-2026 11:42:24,2026-01-30 11:42:24,30-Jan-2026 11:42:26,00:00:02,https://nsearchives.nseindia.com/corporate/TARACHAND_30012026114217_Newspaper_Intimation.pdf
HESTERBIO,Hester Biosciences Limited,Press Release,"Hester Biosciences Limited has informed the Exchange regarding a press release dated January 30, 2026, titled ""20260130 Press Release Q3 FY26"".",30-Jan-2026 11:38:07,2026-01-30 11:38:07,30-Jan-2026 11:38:08,00:00:01,https://nsearchives.nseindia.com/corporate/HESTERBIO_30012026113700_20260130Q3_9MFY26PressRelease.pdf
BRIGADE,Brigade Enterprises Limited,General Updates,Brigade Enterprises Limited has informed the Exchange about Material Information,30-Jan-2026 11:37:20,2026-01-30 11:37:20,30-Jan-2026 11:37:21,00:00:01,https://nsearchives.nseindia.com/corporate/BRIGADE_30012026113712_61Reg30MaterialInformation3001.pdf
BLUESTARCO,Blue Star Limited,Analysts/Institutional Investor Meet/Con. Call Updates,Blue Star Limited has informed the Exchange about Presentation,30-Jan-2026 11:36:50,2026-01-30 11:36:50,30-Jan-2026 11:36:51,00:00:01,https://nsearchives.nseindia.com/corporate/BLUESTARCO_30012026113641_InvestorpresentationtoSE.pdf
CUPID,Cupid Limited,Copy of Newspaper Publication,Cupid Limited has informed the Exchange about Copy of Newspaper Publication,30-Jan-2026 11:34:51,2026-01-30 11:34:51,30-Jan-2026 11:34:52,00:00:01,https://nsearchives.nseindia.com/corporate/CUPID_30012026113444_UFR_Newspaper_Clippings.pdf
BLUESTARCO,Blue Star Limited,Updates,"Blue Star Limited has informed the Exchange regarding ''Investor Update for the Third Quarter and Nine Months ended on December 31, 2025.",30-Jan-2026 11:34:32,2026-01-30 11:34:32,30-Jan-2026 11:34:33,00:00:01,https://nsearchives.nseindia.com/corporate/BLUESTARCO_30012026113347_InvestorsUpdatetoUploadtoSE30012026.pdf
RADIOCITY,Music Broadcast Limited,Analysts/Institutional Investor Meet/Con. Call Updates,Schedule of meet,30-Jan-2026 11:30:57,2026-01-30 11:30:57,30-Jan-2026 11:30:58,00:00:01,https://nsearchives.nseindia.com/corporate/RADIOCITY_30012026113004_IntimationInvestorMeetQ3FY26.pdf
ALLCARGO,Allcargo Logistics Limited,Analysts/Institutional Investor Meet/Con. Call Updates,Allcargo Logistics Limited has informed the Exchange about Schedule of meet,30-Jan-2026 11:30:52,2026-01-30 11:30:52,30-Jan-2026 11:30:52,00:00:00,https://nsearchives.nseindia.com/corporate/ALLCARGO_30012026112940_Earnings_call-_Q3FY26_DSCSRS.pdf
21STCENMGM,21st Century Management Services Limited,Copy of Newspaper Publication,21st Century Management Services Limited has informed the Exchange about Copy of Newspaper Publication,30-Jan-2026 11:30:20,2026-01-30 11:30:20,30-Jan-2026 11:30:21,00:00:01,https://nsearchives.nseindia.com/corporate/21STCENMGM_30012026113010_21STCENMGMPUBLICATIONOFNOTICEOFBM05022026.pdf
KRSNAA,Krsnaa Diagnostics Limited,Analysts/Institutional Investor Meet/Con. Call Updates,Krsnaa Diagnostics Limited has informed the Exchange about Schedule of meet,30-Jan-2026 11:29:51,2026-01-30 11:29:51,30-Jan-2026 11:29:52,00:00:01,https://nsearchives.nseindia.com/corporate/KRSNAA_30012026112926_543328_Signed.pdf
QUICKHEAL,Quick Heal Technologies Limited,Allotment of Securities,"Quick Heal Technologies Limited has informed the Exchange regarding allotment of 153 securities pursuant to ESOP/ESPS at its meeting held on January 30, 2026",30-Jan-2026 11:29:28,2026-01-30 11:29:28,30-Jan-2026 11:29:29,00:00:01,https://nsearchives.nseindia.com/corporate/QUICKHEAL_30012026112920_10C.pdf
ASIANENE,Asian Energy Services Limited,General Updates,Asian Energy Services Limited has informed the Exchange about change in Investor Relations (IR) Agency of the Company.,30-Jan-2026 11:29:02,2026-01-30 11:29:02,30-Jan-2026 11:29:03,00:00:01,https://nsearchives.nseindia.com/corporate/ASIANENE_30012026112536_AESL_PRAgencychange_30thJan2026.pdf
IDEA,Vodafone Idea Limited,Credit Rating- Others,Vodafone Idea Limited has informed the exchange about revision in Credit Rating outlook,30-Jan-2026 11:28:44,2026-01-30 11:28:44,30-Jan-2026 11:28:45,00:00:01,https://nsearchives.nseindia.com/corporate/IDEA_30012026112607_SEIntimationCreditRating29012026signed.pdf
ASIANTILES,Asian Granito India Limited,Monitoring Agency Report,Please find Monitoring Agency Report,30-Jan-2026 11:28:02,2026-01-30 11:28:02,30-Jan-2026 11:28:03,00:00:01,https://nsearchives.nseindia.com/corporate/ASIANTILES_30012026112750_semarq3fy26signed.pdf
BLUESTARCO,Blue Star Limited,Investor Presentation,Blue Star Limited has informed the Exchange about Investor Presentation,30-Jan-2026 11:27:11,2026-01-30 11:27:11,30-Jan-2026 11:27:12,00:00:01,https://nsearchives.nseindia.com/corporate/BLUESTARCO_30012026112701_InvestorpresentationtoSE.pdf
HESTERBIO,Hester Biosciences Limited,Outcome of Board Meeting,"Hester Biosciences Limited has informed the Exchange regarding  Board meeting held on January 30, 2026.",30-Jan-2026 11:26:24,2026-01-30 11:26:24,30-Jan-2026 11:26:25,00:00:01,https://nsearchives.nseindia.com/corporate/HESTERBIO_30012026112613_20260130OutcomeofBoardMeeting.pdf
PAVNAIND,Pavna Industries Limited,Shareholders meeting,Pavna Industries Limited has informed the Exchange regarding Notice of Postal Ballot,30-Jan-2026 11:25:55,2026-01-30 11:25:55,30-Jan-2026 11:25:56,00:00:01,https://nsearchives.nseindia.com/corporate/PAVNA_30012026112423_NoticeofPostalballotsdd.pdf
ABINFRA,A B Infrabuild Limited,Awarding of order(s)/contract(s),A B Infrabuild Limited has informed the Exchange about Awarding of order(s)/contract(s),30-Jan-2026 11:25:43,2026-01-30 11:25:43,30-Jan-2026 11:25:44,00:00:01,https://nsearchives.nseindia.com/corporate/ABINFRA_30012026112438_Intimation.pdf
BHAGYANGR,Bhagyanagar India Limited,Outcome of Board Meeting,"Bhagyanagar India Limited has submitted to the Exchange, the financial results for the period ended December 31, 2025.",30-Jan-2026 11:25:30,2026-01-30 11:25:30,30-Jan-2026 11:25:31,00:00:01,https://nsearchives.nseindia.com/corporate/BHAGYANGR_30012026112512_BILBOARDMEETINGOUTCOME30012026.pdf
UGROCAP,Ugro Capital Limited,Credit Rating,Ugro Capital Limited has informed the Exchange about Credit Rating,30-Jan-2026 11:24:37,2026-01-30 11:24:37,30-Jan-2026 11:24:38,00:00:01,https://nsearchives.nseindia.com/corporate/UGROCAP_30012026112413_IntimationofCreditRating29012026.pdf
INDOWIND,Indowind Energy Limited,Updates,Indowind Energy Limited has informed the Exchange regarding 'Update To Earning Conference Call'.,30-Jan-2026 11:23:40,2026-01-30 11:23:40,30-Jan-2026 11:23:41,00:00:01,https://nsearchives.nseindia.com/corporate/INDOWIND_30012026112332_EC030226.pdf
BHAGYANGR,Bhagyanagar India Limited,Outcome of Board Meeting,"Bhagyanagar India Limited has informed the Exchange regarding  Board meeting held on January 30, 2026.",30-Jan-2026 11:22:04,2026-01-30 11:22:04,30-Jan-2026 11:22:05,00:00:01,https://nsearchives.nseindia.com/corporate/BHAGYANGR_30012026112148_BILBOARDMEETINGOUTCOME30012026.pdf
PAYTM,One 97 Communications Limited,Copy of Newspaper Publication,"One 97 Communications Limited has informed the Exchange about Copy of Newspaper Publication - Financial Results for the quarter and nine months ended December 31, 2025",30-Jan-2026 11:20:28,2026-01-30 11:20:28,30-Jan-2026 11:20:29,00:00:01,https://nsearchives.nseindia.com/corporate/PAYTM_30012026111938_SE_Disclosure_NewspaperpublicationFR_sd.pdf
FOODSIN,Foods & Inns Limited,Structural Digital Database,"submission of PCS Certificate Pursuant to provisions of Regulation 3(5), 3(6) and other applicable provisions of Securities and Exchange Board of India (Prohibition of Insider Trading) Regulations, 2015",30-Jan-2026 11:19:43,2026-01-30 11:19:43,30-Jan-2026 11:19:44,00:00:01,https://nsearchives.nseindia.com/corporate/FOODSIN_30012026111927_CoveringLetterwithCertificate29012026DSC.pdf
APOLLOPIPE,Apollo Pipes Limited,Copy of Newspaper Publication,"Apollo Pipes Limited has informed the Exchange about Newspaper Publication of the unaudited financial results for the quarter and nine months ended December 31, 2025.",30-Jan-2026 11:18:56,2026-01-30 11:18:56,30-Jan-2026 11:18:57,00:00:01,https://nsearchives.nseindia.com/corporate/APOLLOPIPE_30012026111849_Newspaperpublication30012026.pdf
VINCOFE,Vintage Coffee And Beverages Limited,Investor Presentation,Vintage Coffee And Beverages Limited has informed the Exchange about Investor Presentation,30-Jan-2026 11:14:48,2026-01-30 11:14:48,30-Jan-2026 11:14:49,00:00:01,https://nsearchives.nseindia.com/corporate/VINTAGE_30012026111346_Investor_presentation_signed.pdf
ARKADE,Arkade Developers Limited,Copy of Newspaper Publication,Arkade Developers Limited has informed the Exchange about Copy of Newspaper Publication,30-Jan-2026 11:14:45,2026-01-30 11:14:45,30-Jan-2026 11:14:46,00:00:01,https://nsearchives.nseindia.com/corporate/ARKADE_30012026111426_Newspaper.pdf
GROWW,Billionbrains Garage Ventures Limited,Updates,Billionbrains Garage Ventures Limited has informed the Exchange regarding 'Change of Corporate Identification Number (CIN) of the Company'.,30-Jan-2026 11:14:38,2026-01-30 11:14:38,30-Jan-2026 11:14:39,00:00:01,https://nsearchives.nseindia.com/corporate/BILLIONBRAINS_30012026111340_CINChangeSD.pdf
ADANIGREEN,Adani Green Energy Limited,Analysts/Institutional Investor Meet/Con. Call Updates,Adani Green Energy Limited has informed the Exchange about Transcript,30-Jan-2026 11:11:45,2026-01-30 11:11:45,30-Jan-2026 11:11:46,00:00:01,https://nsearchives.nseindia.com/corporate/ADANIGREEN_30012026111113_Letter.pdf
MAMATA,Mamata Machinery Limited,Press Release,"Mamata Machinery Limited has informed the Exchange regarding a press release dated January 30, 2026, titled ""Mamata Machinery has been granted a patent in the European Union for its invention titled  A Cross SealingDevice"""".",30-Jan-2026 11:10:05,2026-01-30 11:10:05,30-Jan-2026 11:10:07,00:00:02,https://nsearchives.nseindia.com/corporate/MAMATA_30012026110954_MML_Patent_Press_release_30012026.pdf
USHAMART,Usha Martin Limited,Copy of Newspaper Publication,USHAMART: Usha Martin Limited has informed the Exchange about Copy of Newspaper Publication with respect to the unaudited financial results (standalone and consolidated) for the quarter and nine months ended 31st December 2025.,30-Jan-2026 11:07:32,2026-01-30 11:07:32,30-Jan-2026 11:07:33,00:00:01,https://nsearchives.nseindia.com/corporate/USHAMART_30012026110705_SEIntimationNewspaper.pdf
PATINTLOG,Patel Integrated Logistics Limited,Analysts/Institutional Investor Meet/Con. Call Updates,"In continuation of our intimation regarding board meeting for the announcement of results of the company for the quarter and nine months ended 31st December, 2025, we wish to inform you that the Company will host an Earnings call with analysts and investors at 16:00 hours (IST) on Friday, 13th February, 2026 wherein the senior management of the Company will discuss the financial results with the participants",30-Jan-2026 11:05:27,2026-01-30 11:05:27,30-Jan-2026 11:05:28,00:00:01,https://nsearchives.nseindia.com/corporate/PATELINT_30012026110519_EarCall_13012026_Intimation_Signed.pdf
MAMATA,Mamata Machinery Limited,General Updates,Mamata Machinery Limited has informed the Exchange about Grant of Patent,30-Jan-2026 11:03:55,2026-01-30 11:03:55,30-Jan-2026 11:03:56,00:00:01,https://nsearchives.nseindia.com/corporate/MAMATA_30012026110338_MML_Patent_Intimation_30012026.pdf
IEX,Indian Energy Exchange Limited,Copy of Newspaper Publication,"Indian Energy Exchange Limited has informed the Exchange about Copy of Newspaper Publication of Financial Results for the Quarter and Nine months ended December 31, 2025.",30-Jan-2026 11:03:44,2026-01-30 11:03:44,30-Jan-2026 11:03:44,00:00:00,https://nsearchives.nseindia.com/corporate/IEX_30012026110332_Signed_IEX_Intimation_NPPublication_FR_Q3_Dec25.pdf
FLAIR,Flair Writing Industries Limited,Copy of Newspaper Publication,Flair Writing Industries Limited has informed the Exchange about Copy of Newspaper Publication,30-Jan-2026 11:03:29,2026-01-30 11:03:29,30-Jan-2026 11:03:29,00:00:00,https://nsearchives.nseindia.com/corporate/flair2016_30012026110315_BSE_NSE_announcement_news_paper_advt_Q3_Signed.pdf
TMCV,Tata Motors Limited,Copy of Newspaper Publication,Tata Motors Limited has informed the Exchange about Copy of Newspaper Publication,30-Jan-2026 11:02:49,2026-01-30 11:02:49,30-Jan-2026 11:02:50,00:00:01,https://nsearchives.nseindia.com/corporate/TMLCOMMERCIAL_30012026110241_CVNEWSPAPER.pdf
CRIZAC,Crizac Limited,Copy of Newspaper Publication,"Crizac Limited has informed the Exchange about Copy of Newspaper Publication of Unaudited Financial Results (Standalone & Consolidated) for the third quarter and nine months ended 31st December, 2025",30-Jan-2026 11:01:50,2026-01-30 11:01:50,30-Jan-2026 11:01:51,00:00:01,https://nsearchives.nseindia.com/corporate/CRIZAC0301_30012026110121_Newspaper_publication_for_third_quarter_31st_Dec_2025.pdf
LTFOODS,LT Foods Limited,Copy of Newspaper Publication,"LT Foods Limited has informed the Exchange about Newspaper Publication of Un-Audited financial results of the Company for the quarter ended December 31, 2025",30-Jan-2026 10:59:54,2026-01-30 10:59:54,30-Jan-2026 10:59:55,00:00:01,https://nsearchives.nseindia.com/corporate/532783_30012026105941_Intimation.pdf
ALGOQUANT,Algoquant Fintech Limited,Shareholders meeting,"Pursuant to Regulation 44 of the SEBI (Listing Obligations and Disclosure Requirements) Regulations, 2015, Algoquant Fintech Limited has informed about Voting Results)",30-Jan-2026 10:59:16,2026-01-30 10:59:16,30-Jan-2026 10:59:17,00:00:01,https://nsearchives.nseindia.com/corporate/ALGOQUANT_30012026105845_Final_SE_Upload.pdf
ALGOQUANT,Algoquant Fintech Limited,Shareholders meeting,"Algoquant Fintech Limited has informed about Outcome of Postal Ballot in terms of Regulation 30 and 44 of the SEBI (Listing Obligations and Disclosure Requirements) Regulations, 2015 (as amended)",30-Jan-2026 10:56:53,2026-01-30 10:56:53,30-Jan-2026 10:56:54,00:00:01,https://nsearchives.nseindia.com/corporate/ALGOQUANT_30012026105605_Final_SE_Upload.pdf
BIRLACABLE,Birla Cable Limited,Copy of Newspaper Publication,Birla Cable Limited has informed the Exchange about Copy of Newspaper Publication,30-Jan-2026 10:56:11,2026-01-30 10:56:11,30-Jan-2026 10:56:13,00:00:02,https://nsearchives.nseindia.com/corporate/BIRLACABLE_30012026105542_NewspaperAdvertisment.pdf
LTFOODS,LT Foods Limited,General Updates,LT Foods Limited has informed the Exchange on Update on the proposed acquisition of the Global Green Group.,30-Jan-2026 10:55:12,2026-01-30 10:55:12,30-Jan-2026 10:55:12,00:00:00,https://nsearchives.nseindia.com/corporate/532783_30012026105502_Reg_30-_GGN.pdf
INDOWIND,Indowind Energy Limited,Press Release,"Indowind Energy Limited has informed the Exchange regarding a press release dated January 30, 2026, titled ""Indowind Energy Reports 29.4% YoY EBITDA Growth for 9M FY26; Unveils Fund Raising, Investment Plan"".",30-Jan-2026 10:53:49,2026-01-30 10:53:49,30-Jan-2026 10:53:51,00:00:02,https://nsearchives.nseindia.com/corporate/INDOWIND_30012026105341_PR300126.pdf
APOLLOHOSP,Apollo Hospitals Enterprise Limited,Analysts/Institutional Investor Meet/Con. Call Updates,Apollo Hospitals Enterprise Limited has informed the Exchange about Schedule of meet,30-Jan-2026 10:50:45,2026-01-30 10:50:45,30-Jan-2026 10:50:46,00:00:01,https://nsearchives.nseindia.com/corporate/APOLLOHOSP_30012026105033_SE-LET-CONFERENCE_CALL.pdf
GCSL,Gretex Corporate Services Limited,General Updates,Gretex Corporate Services Limited has informed the Exchange about The Company has filed Red Herring Prospectus (RHP) of Brandman Retail Limited with its Registrar of Companies in connection with its proposed listing on the Emerge Platform of National Stock Exchange Limited (NSE Emerge),30-Jan-2026 10:50:12,2026-01-30 10:50:12,30-Jan-2026 10:50:13,00:00:01,https://nsearchives.nseindia.com/corporate/bdesai_30012026104940_Intimation_for_Filing_RHP_of_Brandman.pdf
ICICIBANK,ICICI Bank Limited,ESOP/ESOS/ESPS,ICICI Bank Limited has informed the Exchange regarding Allotment of 765234  Shares.,30-Jan-2026 10:48:48,2026-01-30 10:48:48,30-Jan-2026 10:48:50,00:00:02,https://nsearchives.nseindia.com/corporate/ICICIBANK1_30012026104827_LETTER_TO_STOCK_EXCHNAGE1.pdf
CONTROLPR,Control Print Limited,Investor Presentation,Control Print Limited has informed the Exchange about Investor Presentation,30-Jan-2026 10:45:39,2026-01-30 10:45:39,30-Jan-2026 10:45:40,00:00:01,https://nsearchives.nseindia.com/corporate/CONTROLPR_30012026104527_Intimation__Presentation_sd.pdf
THERMAX,Thermax Limited,Press Release,"Thermax Limited has informed the Exchange regarding a press release dated January 30, 2026, titled ""Thermax Limited and Hindustan Petroleum Corporation Limited (HPCL) sign MoU to advance sustainable energy solutions at India Energy Week 2026"".",30-Jan-2026 10:44:00,2026-01-30 10:44:00,30-Jan-2026 10:44:01,00:00:01,https://nsearchives.nseindia.com/corporate/THERMAXNSE_30012026104351_SEintimationPR.pdf
AEGISVOPAK,Aegis Vopak Terminals Limited,Investor Presentation,Aegis Vopak Terminals Limited has informed the Exchange about Investor Presentation,30-Jan-2026 10:39:25,2026-01-30 10:39:25,30-Jan-2026 10:39:26,00:00:01,https://nsearchives.nseindia.com/corporate/AVTL_30012026103747_AVTL_IP_Q3FY26_Final.pdf
ADANIPORTS,Adani Ports and Special Economic Zone Limited,Press Release,"Adani Ports and Special Economic Zone Limited has informed the Exchange regarding a press release dated January 30, 2026, titled ""Three Adani Companies Secure Landmark Ratings from Japanese Credit Rating Agency, JCR"".",30-Jan-2026 10:39:07,2026-01-30 10:39:07,30-Jan-2026 10:39:08,00:00:01,https://nsearchives.nseindia.com/corporate/rkbhagia_30012026103841_Media_Release.pdf
MUTHOOTFIN,Muthoot Finance Limited,General Updates,Muthoot Finance Limited has informed the Exchange about Pricing of USD 600 million 5.75% Fixed Rate Notes due 2030 under GMTN Programme,30-Jan-2026 10:33:07,2026-01-30 10:33:07,30-Jan-2026 10:33:08,00:00:01,https://nsearchives.nseindia.com/corporate/MUTHOOTFIN_30012026103245_Reg_30_Approval_of_Terms_Pricing_v2_sd.pdf
KRYSTAL,Krystal Integrated Services Limited,General Updates,Krystal Integrated Services Limited has informed the Exchange about General Updates,30-Jan-2026 10:26:43,2026-01-30 10:26:43,30-Jan-2026 10:26:45,00:00:02,https://nsearchives.nseindia.com/corporate/KISL123_30012026102632_Letter_to_shareholders_Exchange.pdf
ASAL,Automotive Stampings and Assemblies Limited,Copy of Newspaper Publication,Automotive Stampings and Assemblies Limited has informed the Exchange about Copy of Newspaper Publication,30-Jan-2026 10:26:42,2026-01-30 10:26:42,30-Jan-2026 10:26:44,00:00:02,https://nsearchives.nseindia.com/corporate/ASAL_30012026102632_Intimation.pdf
MANBA,Manba Finance Limited,Investor Presentation,Manba Finance Limited has informed the Exchange about Investor Presentation,30-Jan-2026 10:18:42,2026-01-30 10:18:42,30-Jan-2026 10:18:43,00:00:01,https://nsearchives.nseindia.com/corporate/MANBA_30012026101619_IP_Dec_25_sd.pdf
EASEMYTRIP,Easy Trip Planners Limited,Press Release,"Easy Trip Planners Limited has informed the Exchange regarding a press release dated January 30, 2026, titled ""EaseMyTrip and ProXpense Announce Strategic Partnership to Transform Corporate Travel and Expense Management"".",30-Jan-2026 10:13:19,2026-01-30 10:13:19,30-Jan-2026 10:13:20,00:00:01,https://nsearchives.nseindia.com/corporate/EASEMYTRIP_30012026101255_PR.pdf
STYL,Seshaasai Technologies Limited,Investor Presentation,Seshaasai Technologies Limited has informed the Exchange about Investor Presentation,30-Jan-2026 10:11:16,2026-01-30 10:11:16,30-Jan-2026 10:11:17,00:00:01,https://nsearchives.nseindia.com/corporate/SESHTECH2024_30012026101103_revised_investor_presentation_intimation_signed.pdf
PRICOLLTD,Pricol Limited,Investor Presentation,Pricol Limited has informed the Exchange about Investor Presentation,30-Jan-2026 10:10:49,2026-01-30 10:10:49,30-Jan-2026 10:10:50,00:00:01,https://nsearchives.nseindia.com/corporate/PRICOLLTD_30012026100926_sedisclosuresd.pdf
ADANIPORTS,Adani Ports and Special Economic Zone Limited,Press Release,"Adani Ports and Special Economic Zone Limited has informed the Exchange regarding a press release dated January 30, 2026, titled ""Three Adani Companies Secure Landmark Ratings from Japanese Credit Rating Agency, JCR"".",30-Jan-2026 10:08:18,2026-01-30 10:08:18,30-Jan-2026 10:08:19,00:00:01,https://nsearchives.nseindia.com/corporate/rkbhagia_30012026100716_SEIntimation.pdf
KRYSTAL,Krystal Integrated Services Limited,Shareholders meeting,Krystal Integrated Services Limited has informed the Exchange regarding Notice of Postal Ballot,30-Jan-2026 10:07:10,2026-01-30 10:07:10,30-Jan-2026 10:07:11,00:00:01,https://nsearchives.nseindia.com/corporate/KISL123_30012026100700_Intimation_to_SE_Postal_Ballot_Notice30012026.pdf
STYL,Seshaasai Technologies Limited,Press Release (Revised),"Seshaasai Technologies Limited has informed the Exchange regarding a revised press release dated January 30, 2026, titled ""Seshaasai Technologies Reports Steady Q3FY26 Performance with 10.1% RevenueGrowth YoY and Strong 26.95% EBITDA Margin"".",30-Jan-2026 10:05:56,2026-01-30 10:05:56,30-Jan-2026 10:05:57,00:00:01,https://nsearchives.nseindia.com/corporate/SESHTECH2024_30012026100540_revised_press_release_intimation_signed.pdf
STYRENIX,Styrenix Performance Materials Limited,Investor Presentation,Styrenix Performance Materials Limited has informed the Exchange about Investor Presentation,30-Jan-2026 10:04:41,2026-01-30 10:04:41,30-Jan-2026 10:04:42,00:00:01,https://nsearchives.nseindia.com/corporate/INEOSSTYRO_30012026100406_Cover_InvestorCallPresentation_Jan_2026.pdf
GHCL,GHCL Limited,Press Release,"GHCL Limited has informed the Exchange regarding a press release dated January 29, 2026, titled ""Press Release - GHCL Limited announces Q3FY26"".",30-Jan-2026 10:04:39,2026-01-30 10:04:39,30-Jan-2026 10:04:40,00:00:01,https://nsearchives.nseindia.com/corporate/GHCL_29012026214641_GHCL_Intimation_Press_Release_Q3FY26.pdf
SKMEGGPROD,SKM Egg Products Export (India) Limited,Copy of Newspaper Publication,SKM Egg Products Export (India) Limited has informed the Exchange about Copy of Newspaper Publication,30-Jan-2026 09:51:10,2026-01-30 09:51:10,30-Jan-2026 09:51:11,00:00:01,https://nsearchives.nseindia.com/corporate/SKMEGGPROD_30012026095051_SKMEGGNC30012026F.pdf
ADANIENSOL,Adani Energy Solutions Limited,Press Release,"Adani Energy Solutions Limited has informed the Exchange regarding a press release dated January 30, 2026, titled ""Adani Companies Secure Landmark Japanese Credit Ratings   JCR Ratings"".",30-Jan-2026 09:39:09,2026-01-30 09:39:09,30-Jan-2026 09:39:10,00:00:01,https://nsearchives.nseindia.com/corporate/ADANITRANS_30012026093858_AESLPRESSRELEASE.pdf
BHARATFORG,Bharat Forge Limited,Acquisition,Bharat Forge Limited has informed the Exchange about Acquisition,30-Jan-2026 09:27:28,2026-01-30 09:27:28,30-Jan-2026 09:27:29,00:00:01,https://nsearchives.nseindia.com/corporate/ANILSHINDE_30012026092713_SEIntimationInvestmentBFGH.pdf
JINDRILL,Jindal Drilling And Industries Limited,Analysts/Institutional Investor Meet/Con. Call Updates,Jindal Drilling And Industries Limited has informed the Exchange about Investors Presentation for Quarter ended 31st December 2025.,30-Jan-2026 09:22:17,2026-01-30 09:22:17,30-Jan-2026 09:22:18,00:00:01,https://nsearchives.nseindia.com/corporate/JINDRILL_30012026092203_Stx_Intimation_sd.pdf
ADANIGREEN,Adani Green Energy Limited,Press Release,"Adani Green Energy Limited has informed the Exchange regarding a press release dated January 30, 2026, titled ""Adani Companies Secure Landmark Japanese Credit Ratings   JCR Ratings"".",30-Jan-2026 09:13:43,2026-01-30 09:13:43,30-Jan-2026 09:13:43,00:00:00,https://nsearchives.nseindia.com/corporate/ADANIGREEN_30012026091312_Draft.pdf
MANAPPURAM,Manappuram Finance Limited,Analysts/Institutional Investor Meet/Con. Call Updates,Manappuram Finance Limited has informed the Exchange about Link of Recording,30-Jan-2026 09:07:14,2026-01-30 09:07:14,30-Jan-2026 09:07:14,00:00:00,https://nsearchives.nseindia.com/corporate/MANAPPURAM_30012026090650_SEconcall_recording.pdf
RMDRIP,R M Drip and Sprinklers Systems Limited,Press Release,"R M Drip and Sprinklers Systems Limited has informed the Exchange regarding a press release dated January 30, 2026, titled ""Press Release pertaining to the Unaudited Standalone and Consolidated Financial Results of the Company for the quarter ended 31st December, 2025"".",30-Jan-2026 08:54:57,2026-01-30 08:54:57,30-Jan-2026 08:54:58,00:00:01,https://nsearchives.nseindia.com/corporate/RMDRIP_30012026085444_Regulation30.pdf
ACMESOLAR,Acme Solar Holdings Limited,Press Release,"Acme Solar Holdings Limited has informed the Exchange regarding a press release dated January 30, 2026, titled ""ACME Solar signs PPA for NHPCLtd s 250 MW ISTS-Connected FDRE Tranche-VI project"".",30-Jan-2026 08:51:45,2026-01-30 08:51:45,30-Jan-2026 08:51:46,00:00:01,https://nsearchives.nseindia.com/corporate/ACME122002_30012026084746_Intimation.pdf
LMW,LMW Limited,Analysts/Institutional Investor Meet/Con. Call Updates,LMW Limited has informed the Exchange about the audio recording link of the analyst meeting held on 29th January 2026.,30-Jan-2026 08:43:33,2026-01-30 08:43:33,30-Jan-2026 08:43:34,00:00:01,https://nsearchives.nseindia.com/corporate/LAXMIMACH_30012026084218_FILINGOUTCOME30012026.pdf
PRESTIGE,Prestige Estates Projects Limited,Investor Presentation,Prestige Estates Projects Limited has informed the Exchange about Investor Presentation,30-Jan-2026 06:41:32,2026-01-30 06:41:32,30-Jan-2026 06:41:33,00:00:01,https://nsearchives.nseindia.com/corporate/PRESTIGE_30012026064102_InvPresentationIntimation.pdf
GODREJPROP,Godrej Properties Limited,Press Release,"Godrej Properties Limited has informed the Exchange regarding a press release dated January 30, 2026, titled ""Press release"".",30-Jan-2026 06:25:50,2026-01-30 06:25:50,30-Jan-2026 06:25:51,00:00:01,https://nsearchives.nseindia.com/corporate/GODREJPROP_30012026062502_SEIntimation_PR.pdf
MTARTECH,Mtar Technologies Limited,Investor Presentation,Mtar Technologies Limited has informed the Exchange about Investor Presentation,30-Jan-2026 00:00:34,2026-01-30 00:00:34,30-Jan-2026 00:00:35,00:00:01,https://nsearchives.nseindia.com/corporate/MTARTECH_30012026000020_MTAR_Q3_FY26_IP_-_Final.pdf
DIXON,Dixon Technologies (India) Limited,Analysts/Institutional Investor Meet/Con. Call Updates,Dixon Technologies (India) Limited has informed the Exchange about Link of Recording and Investor Meet Outcome,29-Jan-2026 23:28:41,2026-01-29 23:28:41,29-Jan-2026 23:28:42,00:00:01,https://nsearchives.nseindia.com/corporate/DIXON_29012026232451_ConferenceCallRecordingIntimation29012026.pdf
WEBELSOLAR,Websol Energy System Limited,Investor Presentation,Websol Energy System Limited has informed the Exchange about Investor Presentation,29-Jan-2026 23:27:48,2026-01-29 23:27:48,29-Jan-2026 23:27:49,00:00:01,https://nsearchives.nseindia.com/corporate/WEBELSOLAR_29012026232600_Q3FY26EarningsPresentationSIGN.pdf
ADANIPOWER,Adani Power Limited,Analysts/Institutional Investor Meet/Con. Call Updates,Adani Power Limited has informed the Exchange about Link of Recording,29-Jan-2026 23:24:27,2026-01-29 23:24:27,29-Jan-2026 23:24:28,00:00:01,https://nsearchives.nseindia.com/corporate/ADANIPOWER_29012026232411_APLaudiolink29012026.pdf
MHRIL,Mahindra Holidays & Resorts India Limited,Analysts/Institutional Investor Meet/Con. Call Updates,Mahindra Holidays & Resorts India Limited has informed the Exchange about Link of Recording,29-Jan-2026 23:12:17,2026-01-29 23:12:17,29-Jan-2026 23:12:18,00:00:01,https://nsearchives.nseindia.com/corporate/MHRIL_29012026231043_SE_Earnings_calls_outcome_Intimation_signed.pdf
DIGITIDE,Digitide Solutions Limited,General Updates,Digitide Solutions Limited has informed the Exchange about Investor Presentation,29-Jan-2026 23:11:51,2026-01-29 23:11:51,29-Jan-2026 23:11:52,00:00:01,https://nsearchives.nseindia.com/corporate/DIGITIDE_29012026231125_investorPPT.pdf
KOTAKBANK,Kotak Mahindra Bank Limited,Allotment of Securities,"Kotak Mahindra Bank Limited has informed the Exchange regarding allotment of 133400 securities pursuant to Abeyance Shares at its meeting held on January 29, 2026",29-Jan-2026 23:08:46,2026-01-29 23:08:46,29-Jan-2026 23:08:47,00:00:01,https://nsearchives.nseindia.com/corporate/Kotakmahindrabank_29012026230832_SEIntRightsinAbeyanceAllotment29012026.pdf
ACMESOLAR,Acme Solar Holdings Limited,Bagging/Receiving of orders/contracts,Acme Solar Holdings Limited has informed the Exchange about Bagging/Receiving of orders/contracts,29-Jan-2026 23:08:08,2026-01-29 23:08:08,29-Jan-2026 23:08:08,00:00:00,https://nsearchives.nseindia.com/corporate/ACME122002_29012026230303_Intimation-29012026.pdf
CGCL,Capri Global Capital Limited,Press Release,"Capri Global Capital Limited has informed the Exchange regarding a press release dated January 29, 2026, titled ""Financial Result Q3 FY 2025-26"".",29-Jan-2026 23:03:25,2026-01-29 23:03:25,29-Jan-2026 23:03:26,00:00:01,https://nsearchives.nseindia.com/corporate/CGCL_29012026230305_CL_Press_ReleaseFinResults_Q3FY26.pdf
ADANIENSOL,Adani Energy Solutions Limited,Credit Rating,Adani Energy Solutions Limited has informed the Exchange about Credit Rating,29-Jan-2026 23:01:33,2026-01-29 23:01:33,29-Jan-2026 23:01:34,00:00:01,https://nsearchives.nseindia.com/corporate/ADANITRANS_29012026230124_AESL_-_Credit_Rating_Intimation.pdf
CGCL,Capri Global Capital Limited,Investor Presentation,Capri Global Capital Limited has informed the Exchange about Investor Presentation,29-Jan-2026 23:00:27,2026-01-29 23:00:27,29-Jan-2026 23:00:28,00:00:01,https://nsearchives.nseindia.com/corporate/CGCL_29012026230016_CGCLEarningsPresentationQ3FY26.pdf
WEBELSOLAR,Websol Energy System Limited,Press Release,"Websol Energy System Limited has informed the Exchange regarding a press release dated January 29, 2026, titled ""Q3 and 9M FY26 Press Release"".",29-Jan-2026 23:00:08,2026-01-29 23:00:08,29-Jan-2026 23:00:10,00:00:02,https://nsearchives.nseindia.com/corporate/WEBELSOLAR_29012026225852_PressReleaseWebsol29012026SIGN.pdf
OBEROIRLTY,Oberoi Realty Limited,Acquisition,"Oberoi Realty Limited has informed the Exchange about Acquisition of Hotel Horizon Private Limited under the Insolvency and Bankruptcy Code, 2016",29-Jan-2026 22:44:52,2026-01-29 22:44:52,29-Jan-2026 22:44:53,00:00:01,https://nsearchives.nseindia.com/corporate/OBEROIRLTY_29012026224428_NSE_Acquisition_.pdf
NIVABUPA,Niva Bupa Health Insurance Company Limited,Analysts/Institutional Investor Meet/Con. Call Updates,"Niva Bupa Health Insurance Company Limited has informed the Exchange about Link of Recording of the Earnings call conducted on January 29, 2026.",29-Jan-2026 22:38:58,2026-01-29 22:38:58,29-Jan-2026 22:38:59,00:00:01,https://nsearchives.nseindia.com/corporate/MAXBUPA_29012026223812_DisclosureAudiorecordings29012026.pdf
SVLL,Shree Vasu Logistics Limited,Outcome of Board Meeting,"Shree Vasu Logistics Limited has informed the Exchange regarding  Board meeting held on January 29, 2026.",29-Jan-2026 22:38:45,2026-01-29 22:38:45,29-Jan-2026 22:38:46,00:00:01,https://nsearchives.nseindia.com/corporate/SVLL_29012026223830_SVLL_Financials_Q3.pdf
CGCL,Capri Global Capital Limited,Change in Management,"Capri Global Capital Limited has informed the Exchange about change in Management - Mr. Hardik Doshi who was previously designated as SMP of the Company, will no longer be classified as SMP due to change in internal reporting structure.",29-Jan-2026 22:38:16,2026-01-29 22:38:16,29-Jan-2026 22:38:18,00:00:02,https://nsearchives.nseindia.com/corporate/CGCL_29012026223806_Outcome_of_Board_Meeting_29012026.pdf
CGCL,Capri Global Capital Limited,General Updates,"Capri Global Capital Limited has informed the Exchange about General Updates on further investments in the equity shares of Capri Global Housing Finance Limited (CGHFL), a wholly owned subsidiary of the Company by way of subscription to Right Issue.",29-Jan-2026 22:37:11,2026-01-29 22:37:11,29-Jan-2026 22:37:12,00:00:01,https://nsearchives.nseindia.com/corporate/CGCL_29012026223701_Outcome_of_Board_Meeting_29012026.pdf
CGCL,Capri Global Capital Limited,Outcome of Board Meeting,"Capri Global Capital Limited has submitted to the Exchange, Standalone and Consolidated the financial results for the period ended December 31, 2025.",29-Jan-2026 22:35:38,2026-01-29 22:35:38,29-Jan-2026 22:35:38,00:00:00,https://nsearchives.nseindia.com/corporate/CGCL_29012026223329_Outcome_of_Board_Meeting_29012026.pdf
SVLL,Shree Vasu Logistics Limited,Outcome of Board Meeting,"Shree Vasu Logistics Limited has submitted to the Exchange, the financial results for the period ended December 31, 2025.",29-Jan-2026 22:34:47,2026-01-29 22:34:47,29-Jan-2026 22:34:48,00:00:01,https://nsearchives.nseindia.com/corporate/SVLL_29012026223247_SVLL_Financials_Q3.pdf
SKIPPER,Skipper Limited,Analysts/Institutional Investor Meet/Con. Call Updates,Skipper Limited has informed the Exchange about Link of Recording,29-Jan-2026 22:30:06,2026-01-29 22:30:06,29-Jan-2026 22:30:07,00:00:01,https://nsearchives.nseindia.com/corporate/skipper_29012026222913_concalloutcome.pdf
CGCL,Capri Global Capital Limited,Outcome of Board Meeting,"Capri Global Capital Limited has informed the Exchange regarding Outcome of Board meeting held on January 29, 2026.",29-Jan-2026 22:30:04,2026-01-29 22:30:04,29-Jan-2026 22:30:05,00:00:01,https://nsearchives.nseindia.com/corporate/CGCL_29012026222950_Outcome_of_Board_Meeting_29012026.pdf
QUICKHEAL,Quick Heal Technologies Limited,Change in Management,Quick Heal Technologies Limited has informed the Exchange about change in Management,29-Jan-2026 22:27:25,2026-01-29 22:27:25,29-Jan-2026 22:27:27,00:00:02,https://nsearchives.nseindia.com/corporate/QUICKHEAL_29012026222628_SeniorManagement.pdf
VIKRAN,Vikran Engineering Limited,Credit Rating- Others,Vikran Engineering Limited has informed the Exchange about Credit Rating- Others,29-Jan-2026 22:26:07,2026-01-29 22:26:07,29-Jan-2026 22:26:08,00:00:01,https://nsearchives.nseindia.com/corporate/VIKRAN123_29012026222319_Intimation_of_withdrawal_of_credit_rating.pdf
AEQUS,Aequs Limited,Analysts/Institutional Investor Meet/Con. Call Updates,Aequs Limited has informed the Exchange about Link of Recording,29-Jan-2026 22:24:40,2026-01-29 22:24:40,29-Jan-2026 22:24:42,00:00:02,https://nsearchives.nseindia.com/corporate/AEQUSLIMITED_29012026222417_Investor_Meet_recording_29_January_2026.pdf
ACMESOLAR,Acme Solar Holdings Limited,Investor Presentation,Acme Solar Holdings Limited has informed the Exchange about Investor Presentation,29-Jan-2026 22:21:22,2026-01-29 22:21:22,29-Jan-2026 22:21:24,00:00:02,https://nsearchives.nseindia.com/corporate/ACME122002_29012026221901_Presentation.pdf
MAXHEALTH,Max Healthcare Institute Limited,Analysts/Institutional Investor Meet/Con. Call Updates,Max Healthcare Institute Limited has informed the Exchange about Schedule of meet,29-Jan-2026 22:19:44,2026-01-29 22:19:44,29-Jan-2026 22:19:45,00:00:01,https://nsearchives.nseindia.com/corporate/MAXHEALTH_29012026221903_SE_Intimation_Schedule_of_Investor_Conference.pdf
LXCHEM,Laxmi Organic Industries Limited,Monitoring Agency Report,"Laxmi Organic Industries Limited has Submitted Monitoring Agency Report with respect to IPO issued by Axis Bank Limited (Monitoring Agent) for the Quarter ended December 31, 2025.",29-Jan-2026 22:16:52,2026-01-29 22:16:52,29-Jan-2026 22:16:54,00:00:02,https://nsearchives.nseindia.com/corporate/LXCHEM_29012026221643_Covering_letterMonitoringAgencyReportIPO.pdf
PUNJABCHEM,Punjab Chemicals & Crop Protection Limited,Analysts/Institutional Investor Meet/Con. Call Updates,Punjab Chemicals & Crop Protection Limited has informed the Exchange about Schedule of meet,29-Jan-2026 22:15:06,2026-01-29 22:15:06,29-Jan-2026 22:15:08,00:00:02,https://nsearchives.nseindia.com/corporate/PUNJAB_29012026221444_Investormeet.pdf
TMCV,Tata Motors Limited,Analysts/Institutional Investor Meet/Con. Call Updates,Tata Motors Limited has informed the Exchange about Link of Recording,29-Jan-2026 22:14:15,2026-01-29 22:14:15,29-Jan-2026 22:14:16,00:00:01,https://nsearchives.nseindia.com/corporate/TMLCOMMERCIAL_29012026221403_AudioandtranscriptletterCV.pdf
MAXHEALTH,Max Healthcare Institute Limited,General Updates,"Max Healthcare Institute Limited has informed the Exchange about disclosure under Regulation 30 of the SEBI (Listing Obligations and Disclosure Requirements) Regulations, 2015",29-Jan-2026 22:11:13,2026-01-29 22:11:13,29-Jan-2026 22:11:15,00:00:02,https://nsearchives.nseindia.com/corporate/MAXHEALTH_29012026221034_SE_Intimation_VL_MHC_Nigeria.pdf
LXCHEM,Laxmi Organic Industries Limited,Investor Presentation,Laxmi Organic Industries Limited has informed the Exchange about Investor Presentation,29-Jan-2026 22:09:02,2026-01-29 22:09:02,29-Jan-2026 22:09:02,00:00:00,https://nsearchives.nseindia.com/corporate/LXCHEM_29012026220739_Intimation_of_Analyst_Meeting-_Presentation.pdf
PINELABS,Pine Labs Limited,General Updates,Announcement under Regulation 30 (LODR)-Analyst / Investor Meet   Intimation,29-Jan-2026 22:07:59,2026-01-29 22:07:59,29-Jan-2026 22:08:00,00:00:01,https://nsearchives.nseindia.com/corporate/PINELABS_29012026220748_InvestorCallIntimation29012026.pdf
MAHSEAMLES,Maharashtra Seamless Limited,Analysts/Institutional Investor Meet/Con. Call Updates,Maharashtra Seamless Limited has informed the Exchange about Link of Recording,29-Jan-2026 22:06:00,2026-01-29 22:06:00,29-Jan-2026 22:06:01,00:00:01,https://nsearchives.nseindia.com/corporate/MAHSEAMLES_29012026220539_RecordingIntimationMeetMSL.pdf
TATATECH,Tata Technologies Limited,General Updates,Tata Technologies Limited has informed the Exchange about Grant of Stock Options Under 'Tata Technologies Limited Share Based Long Term Incentive Scheme 2022,29-Jan-2026 22:05:05,2026-01-29 22:05:05,29-Jan-2026 22:05:05,00:00:00,https://nsearchives.nseindia.com/corporate/TTLNSE_29012026220451_ESOPGrant29012026_S.pdf
DIGITIDE,Digitide Solutions Limited,Updates,Digitide Solutions Limited has informed the Exchange regarding 'Allotment of shares under  Digitide Solutions Limited   Special Purpose Stock Ownership Plan 2025 '.,29-Jan-2026 22:03:18,2026-01-29 22:03:18,29-Jan-2026 22:03:19,00:00:01,https://nsearchives.nseindia.com/corporate/DIGITIDE_29012026220310_SEintimation_allotment.pdf
ABCAPITAL,Aditya Birla Capital Limited,ESOP/ESOS/ESPS,Aditya Birla Capital Limited has informed the Exchange regarding Allotment of 116888  Shares.,29-Jan-2026 22:00:04,2026-01-29 22:00:04,29-Jan-2026 22:00:05,00:00:01,https://nsearchives.nseindia.com/corporate/ABCAPITAL_29012026215927_ESOPse29Jan2026signed.pdf
USHAMART,Usha Martin Limited,Press Release,"USHAMART: Usha Martin Limited has informed the Exchange regarding a press release dated January 29, 2026, titled ""USHA MARTIN LTD. ANNOUNCES Q3 FY26 RESULTS"".",29-Jan-2026 21:54:15,2026-01-29 21:54:15,29-Jan-2026 21:54:16,00:00:01,https://nsearchives.nseindia.com/corporate/USHAMART_29012026215342_SEIntimationPressRelease.pdf
STYL,Seshaasai Technologies Limited,Investor Presentation,Seshaasai Technologies Limited has informed the Exchange about Investor Presentation,29-Jan-2026 21:53:55,2026-01-29 21:53:55,29-Jan-2026 21:53:56,00:00:01,https://nsearchives.nseindia.com/corporate/SESHTECH2024_29012026215340_Intimation_signed.pdf
QUICKHEAL,Quick Heal Technologies Limited,Outcome of Board Meeting,"Quick Heal Technologies Limited has informed the Exchange regarding  Board meeting held on January 29, 2026.",29-Jan-2026 21:53:04,2026-01-29 21:53:04,29-Jan-2026 21:53:05,00:00:01,https://nsearchives.nseindia.com/corporate/QUICKHEAL_29012026215239_OutcomeBoardMeeting.pdf
SHEMAROO,Shemaroo Entertainment Limited,Investor Presentation,Shemaroo Entertainment Limited has informed the Exchange about Investor Presentation,29-Jan-2026 21:52:53,2026-01-29 21:52:53,29-Jan-2026 21:52:54,00:00:01,https://nsearchives.nseindia.com/corporate/SHEMAROO_29012026215138_Earnings_PPT_Q3.pdf
ACMESOLAR,Acme Solar Holdings Limited,Record Date,Acme Solar Holdings Limited has informed the Exchange that Record date for the purpose of Interim Dividend  is 06-Feb-2026.,29-Jan-2026 21:52:39,2026-01-29 21:52:39,29-Jan-2026 21:52:40,00:00:01,https://nsearchives.nseindia.com/corporate/ACME122002_29012026214626_Int_Div.pdf
JSWENERGY,JSW Energy Limited,General Updates,JSW Energy Limited has informed the Exchange about acquisition of Tidong Power Generation Private Limited by JSW Neo Energy Limited - Update,29-Jan-2026 21:52:29,2026-01-29 21:52:29,29-Jan-2026 21:52:30,00:00:01,https://nsearchives.nseindia.com/corporate/KRUTIKAJSWEL_29012026215130_TidongSEIntimation.pdf
MTARTECH,Mtar Technologies Limited,Press Release,"Mtar Technologies Limited has informed the Exchange regarding a press release dated January 29, 2026, titled ""Investors Press Release on the Un-audited financial results for the quarter ended 31.12.2025 of FY 2025-26"".",29-Jan-2026 21:52:17,2026-01-29 21:52:17,29-Jan-2026 21:52:19,00:00:02,https://nsearchives.nseindia.com/corporate/MTARTECH_29012026215129_Pressrelease.pdf
USHAMART,Usha Martin Limited,Investor Presentation,Usha Martin Limited has informed the Exchange about Investor Presentation,29-Jan-2026 21:51:13,2026-01-29 21:51:13,29-Jan-2026 21:51:14,00:00:01,https://nsearchives.nseindia.com/corporate/USHAMART_29012026215053_SEIntimationEarningsPresentation.pdf
NAM-INDIA,Nippon Life India Asset Management Limited,Analysts/Institutional Investor Meet/Con. Call Updates,Nippon Life India Asset Management Limited has informed the Exchange about Link of Recording,29-Jan-2026 21:50:49,2026-01-29 21:50:49,29-Jan-2026 21:50:50,00:00:01,https://nsearchives.nseindia.com/corporate/RNLAM_29012026215012_Recording.pdf
DIGITIDE,Digitide Solutions Limited,Press Release,"Digitide Solutions Limited has informed the Exchange regarding a press release dated January 29, 2026, titled ""Digitide posts 6.5% Y-o-Y revenue growth in Q3FY26 on the back of strong growth in Tech & Digital; robust sales momentum as TCV surged by 20% ."".",29-Jan-2026 21:50:46,2026-01-29 21:50:46,29-Jan-2026 21:50:47,00:00:01,https://nsearchives.nseindia.com/corporate/DIGITIDE_29012026215037_Pressrelease_Digitide.pdf
DIGITIDE,Digitide Solutions Limited,Outcome of Board Meeting,"Digitide Solutions Limited has submitted to the Exchange, the financial results for the third quarter and nine months ended December 31, 2025.",29-Jan-2026 21:49:00,2026-01-29 21:49:00,29-Jan-2026 21:49:01,00:00:01,https://nsearchives.nseindia.com/corporate/DIGITIDE_29012026214801_Digitide_Outcome.pdf
PRESTIGE,Prestige Estates Projects Limited,Monitoring Agency Report,"Monitoring Agency Report for the quarter ended December 31, 2025.",29-Jan-2026 21:46:46,2026-01-29 21:46:46,29-Jan-2026 21:46:48,00:00:02,https://nsearchives.nseindia.com/corporate/PRESTIGE_29012026214615_Q3MonitoringAgencyReport.pdf
QUICKHEAL,Quick Heal Technologies Limited,Outcome of Board Meeting,"Quick Heal Technologies Limited has submitted to the Exchange, the financial results for the period ended December 31, 2025.",29-Jan-2026 21:45:52,2026-01-29 21:45:52,29-Jan-2026 21:45:53,00:00:01,https://nsearchives.nseindia.com/corporate/QUICKHEAL_29012026214427_OutcomeBoardMeeting.pdf
GHCL,GHCL Limited,Analysts/Institutional Investor Meet/Con. Call Updates,GHCL Limited has informed the Exchange about Link of Recording,29-Jan-2026 21:44:13,2026-01-29 21:44:13,29-Jan-2026 21:44:14,00:00:01,https://nsearchives.nseindia.com/corporate/GHCL_29012026214404_GHCL_Intimation_Investor_Conference_Recording_Q3FY26_2026.pdf
TATASTEEL,Tata Steel Limited,Pendency of Litigation(s)/dispute(s) or the outcome impacting the Company,"Tata Steel Limited has informed the Exchange about disclosure under Regulations 30 and 51 of Securities and Exchange Board of India (Listing Obligations and Disclosure Requirements) Regulations, 2015",29-Jan-2026 21:43:59,2026-01-29 21:43:59,29-Jan-2026 21:44:00,00:00:01,https://nsearchives.nseindia.com/corporate/NIDHIFADNAVIS_29012026214111_BSENSE.pdf
ACMESOLAR,Acme Solar Holdings Limited,Dividend,"Acme Solar Holdings Limited has informed the Exchange that Board of Directors at its meeting held on January 29, 2026, declared Interim Dividend of 0.20 per equity share.",29-Jan-2026 21:42:35,2026-01-29 21:42:35,29-Jan-2026 21:42:35,00:00:00,https://nsearchives.nseindia.com/corporate/ACME122002_29012026213744_Int_Div.pdf
SOUTHBANK,The South Indian Bank Limited,Outcome of Board Meeting,"The South Indian Bank Limited has informed the Exchange regarding  Board meeting held on January 29, 2026.",29-Jan-2026 21:39:09,2026-01-29 21:39:09,29-Jan-2026 21:39:10,00:00:01,https://nsearchives.nseindia.com/corporate/SOUTHBANK_29012026213824_SD_STT_MDCHANGE_29JAN2026.pdf
STYL,Seshaasai Technologies Limited,Press Release,"Seshaasai Technologies Limited has informed the Exchange regarding a press release dated January 29, 2026, titled ""Seshaasai Technologies Reports Steady Q3FY26 Performance with 10.1% RevenueGrowth YoY and Strong 27.5% EBITDA Margin"".",29-Jan-2026 21:34:55,2026-01-29 21:34:55,29-Jan-2026 21:34:56,00:00:01,https://nsearchives.nseindia.com/corporate/SESHTECH2024_29012026213431_Seshaasai_Technologies_Limitedintimation_signed.pdf
ONGC,Oil & Natural Gas Corporation Limited,News Verification,The Exchange has sought clarification from Oil & Natural Gas Corporation Limited with respect to recent news item captioned ONGC eyes partnership with ExxonMobil to jointly bid for oil & gas blocks..  The response from the Company is attached.,29-Jan-2026 21:33:11,2026-01-29 21:33:11,29-Jan-2026 21:33:11,00:00:00,https://nsearchives.nseindia.com/corporate/ONGC_29012026213247_NewsClarificationExxonMobilSD.pdf
STYL,Seshaasai Technologies Limited,Outcome of Board Meeting,"Seshaasai Technologies Limited has submitted to the Exchange, the financial results for the period ended December 31, 2025.",29-Jan-2026 21:32:43,2026-01-29 21:32:43,29-Jan-2026 21:32:43,00:00:00,https://nsearchives.nseindia.com/corporate/SESHTECH2024_29012026213131_Seshaasai_Technologies_Limitedintimation_signed.pdf
FILATEX,Filatex India Limited,Giving guarantees/indemnity/ becoming a surety for third party,"Filatex India Limited has informed the Exchange about providing the Corporate Guarantee in respect of taking term loan upto Rs. 200 crores (Rupees Two Hundred Crores) by Texfil Private Limited, Wholly Owned Subsidiary Company, from Punjab National Bank.",29-Jan-2026 21:31:17,2026-01-29 21:31:17,29-Jan-2026 21:31:18,00:00:01,https://nsearchives.nseindia.com/corporate/FILATEX_29012026213104_TEXFIL_CORPORATE_GUARANTEE.pdf
ACMESOLAR,Acme Solar Holdings Limited,Press Release,"Acme Solar Holdings Limited has informed the Exchange regarding a press release dated January 29, 2026, titled ""Press Release on Q3 FY 26 Results"".",29-Jan-2026 21:30:13,2026-01-29 21:30:13,29-Jan-2026 21:30:14,00:00:01,https://nsearchives.nseindia.com/corporate/ACME122002_29012026212630_Press_Release.pdf
OLAELEC,Ola Electric Mobility Limited,Shareholders meeting,"Ola Electric Mobility Limited has informed the Exchange regarding Notice of Postal Ballot dated January 19, 2026 of the Company",29-Jan-2026 21:29:46,2026-01-29 21:29:46,29-Jan-2026 21:29:47,00:00:01,https://nsearchives.nseindia.com/corporate/OLAELECTRIC_29012026212937_Postal_Ballot_Notice_OEM.pdf
ROHLTD,Royal Orchid Hotels Limited,General Updates,Royal Orchid Hotels Limited has informed the Exchange about General Updates,29-Jan-2026 21:24:29,2026-01-29 21:24:29,29-Jan-2026 21:24:30,00:00:01,https://nsearchives.nseindia.com/corporate/ROHLTD_29012026212402_Intimation_Signed.pdf
PRESTIGE,Prestige Estates Projects Limited,Outcome of Board Meeting,"Prestige Estates Projects Limited has submitted to the Exchange, the unaudited standalone and consolidated financial results for the quarter and nine months ended December 31, 2025.",29-Jan-2026 21:21:21,2026-01-29 21:21:21,29-Jan-2026 21:21:21,00:00:00,https://nsearchives.nseindia.com/corporate/PRESTIGE_29012026211812_20260129212027013.pdf
COFORGE,Coforge Limited,General Updates,Coforge Limited has informed the Exchange about update on regulatory approvals in relation to ongoing Encora acquisition (HSR approval),29-Jan-2026 21:20:08,2026-01-29 21:20:08,29-Jan-2026 21:20:08,00:00:00,https://nsearchives.nseindia.com/corporate/COFORGE_29012026211956_IntimationReg30.pdf
STYL,Seshaasai Technologies Limited,Outcome of Board Meeting,"Seshaasai Technologies Limited has informed the Exchange regarding  Board meeting held on January 29, 2026.",29-Jan-2026 21:19:55,2026-01-29 21:19:55,29-Jan-2026 21:19:56,00:00:01,https://nsearchives.nseindia.com/corporate/SESHTECH2024_29012026211742_Seshaasai_Technologies_Limitedintimation_signed.pdf
KOKUYOCMLN,Kokuyo Camlin Limited,General Updates,"Kokuyo Camlin Limited has informed the Exchange about Intimation of withdrawal of reclassification request under regulation 31A of SEBI (LODR) Regulations, 2015",29-Jan-2026 21:19:33,2026-01-29 21:19:33,29-Jan-2026 21:19:34,00:00:01,https://nsearchives.nseindia.com/corporate/RAVIDAMLE_29012026211812_KCL_withdrawlofappltnofreclassification.pdf
COFORGE,Coforge Limited,Copy of Newspaper Publication,Coforge Limited has informed the Exchange about Copy of Newspaper Publication,29-Jan-2026 21:16:56,2026-01-29 21:16:56,29-Jan-2026 21:16:57,00:00:01,https://nsearchives.nseindia.com/corporate/COFORGE_29012026211623_SE_Newspaper_Publication.pdf
ACMESOLAR,Acme Solar Holdings Limited,Outcome of Board Meeting,"Acme Solar Holdings Limited has submitted to the Exchange, the financial results for the period ended December 31, 2025.",29-Jan-2026 21:15:19,2026-01-29 21:15:19,29-Jan-2026 21:15:20,00:00:01,https://nsearchives.nseindia.com/corporate/ACME122002_29012026210412_Outcome.pdf
DEEDEV,DEE Development Engineers Limited,Analysts/Institutional Investor Meet/Con. Call Updates,DEE Development Engineers Limited has informed the Exchange about Schedule of meet,29-Jan-2026 21:10:29,2026-01-29 21:10:29,29-Jan-2026 21:10:30,00:00:01,https://nsearchives.nseindia.com/corporate/DDEL_29012026210038_BSENSESIGNED.pdf
IRISDOREME,Iris Clothings Limited,Analysts/Institutional Investor Meet/Con. Call Updates,Iris Clothings Limited has informed the Exchange about Schedule of meet,29-Jan-2026 21:00:26,2026-01-29 21:00:26,29-Jan-2026 21:00:27,00:00:01,https://nsearchives.nseindia.com/corporate/IRISDOREME_29012026210004_IRIS_Clothings_Earnings_Call_Invite_Q3FY26.pdf
ADSL,Allied Digital Services Limited,Analysts/Institutional Investor Meet/Con. Call Updates,Allied Digital Services Limited has informed the Exchange about Schedule of meet,29-Jan-2026 20:57:42,2026-01-29 20:57:42,29-Jan-2026 20:57:42,00:00:00,https://nsearchives.nseindia.com/corporate/ADSL_29012026205413_Concall_Invite_Q3__04022026.pdf
INFOBEAN,InfoBeans Technologies Limited,Analysts/Institutional Investor Meet/Con. Call Updates,InfoBeans Techno. Ltd. has informed the Exchange about Schedule of meet,29-Jan-2026 20:54:00,2026-01-29 20:54:00,29-Jan-2026 20:54:00,00:00:00,https://nsearchives.nseindia.com/corporate/INFOBEAN_29012026205344_AnalystInvestorMeet29thJan.pdf
URBANCO,Urban Company Limited,Shareholders meeting,"Urban Company Limited has informed the Exchange regarding Notice of Postal Ballot dated January 23, 2026",29-Jan-2026 20:51:03,2026-01-29 20:51:03,29-Jan-2026 20:51:04,00:00:01,https://nsearchives.nseindia.com/corporate/URBANCO_29012026205055_UC_PB_Notice_29012026.pdf
FLAIR,Flair Writing Industries Limited,Press Release,"Flair Writing Industries Limited has informed the Exchange regarding a press release dated January 29, 2026, titled ""Press release on the un-audited financial results (standalone/ consolidated) for the quarter and nine months ended December 31, 2025."".",29-Jan-2026 20:49:23,2026-01-29 20:49:23,29-Jan-2026 20:49:24,00:00:01,https://nsearchives.nseindia.com/corporate/flair2016_29012026204917_BSE_NSE_press_release_intimation_of_financials_December_2025.pdf
GREENLAM,Greenlam Industries Limited,Updates,Greenlam Industries Limited has informed the Exchange regarding 'Investor Presentation'.,29-Jan-2026 20:47:42,2026-01-29 20:47:42,29-Jan-2026 20:47:43,00:00:01,https://nsearchives.nseindia.com/corporate/GREENLAMAW_29012026204707_Presentation.pdf
PAYTM,One 97 Communications Limited,Shareholders meeting,"Disclosure under Regulation 44 of the SEBI (Listing Obligations and Disclosure Requirements)Regulations, 2015 - Voting Results and Scrutinizer s Report of the Postal Ballot Notice dated November 04, 2025",29-Jan-2026 20:47:41,2026-01-29 20:47:41,29-Jan-2026 20:47:42,00:00:01,https://nsearchives.nseindia.com/corporate/PAYTM_29012026204730_SE_Disclosure_Voting_Results_Scrutinizer_Report_Postal_Ballot_sd.pdf
VOLTAS,Voltas Limited,Analysts/Institutional Investor Meet/Con. Call Updates,Voltas Limited has informed the Exchange about Link of Recording,29-Jan-2026 20:47:04,2026-01-29 20:47:04,29-Jan-2026 20:47:05,00:00:01,https://nsearchives.nseindia.com/corporate/VOLTAS_RB_29012026204537_SE_Intimation_-_Audio_Recording.pdf
LTFOODS,LT Foods Limited,General Updates,LT Foods Limited has informed the Exchange about Update on the proposed acquisition of the Global Green Group,29-Jan-2026 20:46:12,2026-01-29 20:46:12,29-Jan-2026 20:46:13,00:00:01,https://nsearchives.nseindia.com/corporate/532783_29012026204604_Reg_30-_GGN.pdf
FLAIR,Flair Writing Industries Limited,Investor Presentation,Flair Writing Industries Limited has informed the Exchange about Investor Presentation,29-Jan-2026 20:46:03,2026-01-29 20:46:03,29-Jan-2026 20:46:04,00:00:01,https://nsearchives.nseindia.com/corporate/flair2016_29012026204552_BSE_NSE_announcement_investor_presentation_Q3.pdf
